Date,Income,Outcome,Balance
2017-01-09 00:00:00.000,"1,34E+00","1,49E+00","-0,1559036386"
2017-01-10 00:00:00.000,"1,068610321","1,194182455","-0,1255721339"
2017-01-11 00:00:00.000,"0,944429115","0,9366625183","0,00776659662"
2017-01-12 00:00:00.000,"1,67E+00","0,8753789643","0,8003907709"
2017-01-13 00:00:00.000,"0,9559239897","0,9756451203","-0,01972113068"
2017-01-14 00:00:00.000,0,0,0
2017-01-15 00:00:00.000,0,0,0
2017-01-16 00:00:00.000,"1,082341359","1,024344933","0,05799642613"
2017-01-17 00:00:00.000,"0,8963335667","1,45E+00","-0,5485185356"
2017-01-18 00:00:00.000,"0,7547589142","0,8795602299","-0,1248013156"
2017-01-19 00:00:00.000,"0,9498771712","0,9552678729","-0,0053907017"
2017-01-20 00:00:00.000,"1,024186562","1,138086793","-0,113900231"
2017-01-21 00:00:00.000,0,0,0
2017-01-22 00:00:00.000,0,0,0
2017-01-23 00:00:00.000,"1,110717764","1,220063788","-0,1093460242"
2017-01-24 00:00:00.000,"1,040475774","0,9670998101","0,07337596429"
2017-01-25 00:00:00.000,"1,079964066","1,193726638","-0,1137625723"
2017-01-26 00:00:00.000,"0,9782956312","1,112359274","-0,1340636427"
2017-01-27 00:00:00.000,"1,19639589","1,40E+00","-0,1984834782"
2017-01-28 00:00:00.000,0,0,0
2017-01-29 00:00:00.000,0,0,0
2017-01-30 00:00:00.000,"1,303732447","1,46E+00","-0,1547027394"
2017-01-31 00:00:00.000,"1,260401985","1,287401929","-0,02699994417"
2017-02-01 00:00:00.000,"0,9535028694","0,8601942251","0,09330864428"
2017-02-02 00:00:00.000,"0,9822268561","0,8989108102","0,08331604591"
2017-02-03 00:00:00.000,"0,9875557893","0,9807645904","0,006791198935"
2017-02-04 00:00:00.000,0,0,0
2017-02-05 00:00:00.000,0,0,0
2017-02-06 00:00:00.000,"0,9111923489","0,9434745894","-0,03228224041"
2017-02-07 00:00:00.000,"0,9119310503","0,9532203416","-0,04128929133"
2017-02-08 00:00:00.000,"1,102422168","0,9054784032","0,1969437647"
2017-02-09 00:00:00.000,"1,50E+00","1,071716503","0,4346808288"
2017-02-10 00:00:00.000,"1,14770238","0,9641494958","0,1835528844"
2017-02-11 00:00:00.000,0,0,0
2017-02-12 00:00:00.000,0,0,0
2017-02-13 00:00:00.000,"1,102473734","1,292943622","-0,1904698879"
2017-02-14 00:00:00.000,"0,982352785","1,068530556","-0,08617777075"
2017-02-15 00:00:00.000,"1,079750131","1,045579581","0,03417054932"
2017-02-16 00:00:00.000,"1,127441168","0,8573460729","0,2700950948"
2017-02-17 00:00:00.000,"1,002798217","0,9187118265","0,08408639051"
2017-02-18 00:00:00.000,0,0,0
2017-02-19 00:00:00.000,0,0,0
2017-02-20 00:00:00.000,"1,11965258","1,144411099","-0,02475851828"
2017-02-21 00:00:00.000,"1,287536926","1,156467995","0,1310689302"
2017-02-22 00:00:00.000,"1,44E+00","1,42E+00","0,02275552139"
2017-02-23 00:00:00.000,0,0,0
2017-02-24 00:00:00.000,"0,05822875745","0,005135249404","0,05309350805"
2017-02-25 00:00:00.000,0,0,0
2017-02-26 00:00:00.000,0,0,0
2017-02-27 00:00:00.000,"1,76E+00","1,88E+00","-0,1188621554"
2017-02-28 00:00:00.000,"1,50E+00","1,71E+00","-0,21112799"
2017-03-01 00:00:00.000,"0,942491381","1,140159338","-0,1976679565"
2017-03-02 00:00:00.000,"1,030243279","0,8674934693","0,1627498101"
2017-03-03 00:00:00.000,"0,9810719145","0,9122794828","0,06879243173"
2017-03-04 00:00:00.000,0,0,0
2017-03-05 00:00:00.000,0,0,0
2017-03-06 00:00:00.000,"1,000963763","1,089702311","-0,08873854785"
2017-03-07 00:00:00.000,"0,9395876075","0,8876461852","0,05194142233"
2017-03-08 00:00:00.000,0,0,0
2017-03-09 00:00:00.000,"1,36E+00","1,063539143","0,2981852651"
2017-03-10 00:00:00.000,"1,126412496","1,009561774","0,116850722"
2017-03-11 00:00:00.000,0,0,0
2017-03-12 00:00:00.000,0,0,0
2017-03-13 00:00:00.000,"1,239206638","1,41E+00","-0,1636513417"
2017-03-14 00:00:00.000,"1,47E+00","1,121332362","0,3583582715"
2017-03-15 00:00:00.000,"1,257472395","1,248453824","0,009018570473"
2017-03-16 00:00:00.000,"1,026241763","0,9844830494","0,0417587134"
2017-03-17 00:00:00.000,"1,090766107","1,030871315","0,05989479181"
2017-03-18 00:00:00.000,0,0,0
2017-03-19 00:00:00.000,0,0,0
2017-03-20 00:00:00.000,"1,32E+00","1,44E+00","-0,1185276734"
2017-03-21 00:00:00.000,"1,167639683","1,076565848","0,09107383522"
2017-03-22 00:00:00.000,"1,107499351","1,083746145","0,0237532056"
2017-03-23 00:00:00.000,"1,111859819","1,032524571","0,07933524802"
2017-03-24 00:00:00.000,"1,097485294","1,114761418","-0,01727612416"
2017-03-25 00:00:00.000,0,0,0
2017-03-26 00:00:00.000,0,0,0
2017-03-27 00:00:00.000,"2,84E+00","1,49E+00","1,34E+00"
2017-03-28 00:00:00.000,"1,34E+00","2,59E+00","-1,244018454"
2017-03-29 00:00:00.000,"1,44E+00","1,098614002","0,3312714497"
2017-03-30 00:00:00.000,"1,44E+00","1,47E+00","-0,0399102461"
2017-03-31 00:00:00.000,"1,47E+00","1,51E+00","-0,03282626209"
2017-04-01 00:00:00.000,0,0,0
2017-04-02 00:00:00.000,0,0,0
2017-04-03 00:00:00.000,"1,211983331","1,270211878","-0,0582285469"
2017-04-04 00:00:00.000,"1,154249211","1,37E+00","-0,2099642474"
2017-04-05 00:00:00.000,"1,058299528","1,016229483","0,0420700455"
2017-04-06 00:00:00.000,"1,150032996","0,8957587934","0,2542742031"
2017-04-07 00:00:00.000,"1,008497745","0,9737377965","0,0347599482"
2017-04-08 00:00:00.000,0,0,0
2017-04-09 00:00:00.000,0,0,0
2017-04-10 00:00:00.000,"1,255339941","1,166058767","0,0892811747"
2017-04-11 00:00:00.000,"1,072781825","0,9481474275","0,1246343972"
2017-04-12 00:00:00.000,"0,9860917242","0,9854906956","0,0006010285949"
2017-04-13 00:00:00.000,"1,085096384","0,9279488533","0,1571475306"
2017-04-14 00:00:00.000,"1,105541098","1,120578789","-0,01503769043"
2017-04-15 00:00:00.000,0,0,0
2017-04-16 00:00:00.000,0,0,0
2017-04-17 00:00:00.000,"1,033696249","1,182176393","-0,1484801434"
2017-04-18 00:00:00.000,"0,8851760278","0,95583941","-0,07066338221"
2017-04-19 00:00:00.000,"1,041367151","0,9313233993","0,1100437517"
2017-04-20 00:00:00.000,"1,167651616","1,042982887","0,1246687287"
2017-04-21 00:00:00.000,"0,9113010897","0,9984635817","-0,08716249195"
2017-04-22 00:00:00.000,0,0,0
2017-04-23 00:00:00.000,0,0,0
2017-04-24 00:00:00.000,"1,119605221","1,250073972","-0,1304687509"
2017-04-25 00:00:00.000,"1,22277927","1,41E+00","-0,1876845809"
2017-04-26 00:00:00.000,"1,300629066","1,36E+00","-0,05082421305"
2017-04-27 00:00:00.000,"1,50E+00","1,47E+00","0,0168028509"
2017-04-28 00:00:00.000,"1,50E+00","1,94E+00","-0,4322620673"
2017-04-29 00:00:00.000,0,0,0
2017-04-30 00:00:00.000,0,0,0
2017-05-01 00:00:00.000,0,0,0
2017-05-02 00:00:00.000,"1,230068563","1,40E+00","-0,1672854181"
2017-05-03 00:00:00.000,"0,9407604269","1,016388559","-0,07562813221"
2017-05-04 00:00:00.000,"1,11458012","0,8358375723","0,2787425476"
2017-05-05 00:00:00.000,"1,15142275","0,9411555771","0,2102671726"
2017-05-06 00:00:00.000,0,0,0
2017-05-07 00:00:00.000,0,0,0
2017-05-08 00:00:00.000,0,0,0
2017-05-09 00:00:00.000,0,0,0
2017-05-10 00:00:00.000,"1,185414483","1,36E+00","-0,1651930243"
2017-05-11 00:00:00.000,"1,40E+00","1,53E+00","-0,1316888036"
2017-05-12 00:00:00.000,"1,177616425","1,090198186","0,08741823892"
2017-05-13 00:00:00.000,0,0,0
2017-05-14 00:00:00.000,0,0,0
2017-05-15 00:00:00.000,"1,26627904","1,277811976","-0,01153293613"
2017-05-16 00:00:00.000,"1,187869425","1,063939597","0,1239298276"
2017-05-17 00:00:00.000,"1,097412001","1,174756781","-0,07734477963"
2017-05-18 00:00:00.000,"1,306750389","1,175520475","0,1312299149"
2017-05-19 00:00:00.000,"1,05319726","1,042989438","0,01020782206"
2017-05-20 00:00:00.000,0,0,0
2017-05-21 00:00:00.000,0,0,0
2017-05-22 00:00:00.000,"1,32E+00","1,288598502","0,03401389779"
2017-05-23 00:00:00.000,"1,10811128","2,00E+00","-0,8904535302"
2017-05-24 00:00:00.000,"1,115531121","1,104929853","0,01060126833"
2017-05-25 00:00:00.000,"1,40E+00","1,49E+00","-0,08104446943"
2017-05-26 00:00:00.000,"1,80E+00","1,108867836","0,6988689322"
2017-05-27 00:00:00.000,0,0,0
2017-05-28 00:00:00.000,0,0,0
2017-05-29 00:00:00.000,"1,32E+00","1,38E+00","-0,05366174212"
2017-05-30 00:00:00.000,"1,149862027","1,121067314","0,02879471312"
2017-05-31 00:00:00.000,"1,44E+00","1,41E+00","0,02256673096"
2017-06-01 00:00:00.000,"1,028209991","0,9926121191","0,03559787236"
2017-06-02 00:00:00.000,"0,9489075482","1,094212009","-0,1453044607"
2017-06-03 00:00:00.000,0,0,0
2017-06-04 00:00:00.000,0,0,0
2017-06-05 00:00:00.000,"1,209164275","1,143492261","0,06567201407"
2017-06-06 00:00:00.000,"1,41E+00","1,162319468","0,2451412047"
2017-06-07 00:00:00.000,"0,937428128","1,03702281","-0,09959468244"
2017-06-08 00:00:00.000,"1,084477601","0,8988362001","0,1856414004"
2017-06-09 00:00:00.000,"1,184309119","0,9769860878","0,2073230316"
2017-06-10 00:00:00.000,0,0,0
2017-06-11 00:00:00.000,0,0,0
2017-06-12 00:00:00.000,0,0,0
2017-06-13 00:00:00.000,"1,57E+00","1,245105848","0,3267360925"
2017-06-14 00:00:00.000,"1,45E+00","1,53E+00","-0,07702079257"
2017-06-15 00:00:00.000,"1,53E+00","1,192455368","0,33558273"
2017-06-16 00:00:00.000,"1,080025844","1,00807326","0,07195258317"
2017-06-17 00:00:00.000,0,0,0
2017-06-18 00:00:00.000,0,0,0
2017-06-19 00:00:00.000,"1,167999975","1,295084133","-0,1270841572"
2017-06-20 00:00:00.000,"1,177691922","1,07490592","0,1027860025"
2017-06-21 00:00:00.000,"0,9708599301","1,112697402","-0,1418374718"
2017-06-22 00:00:00.000,"1,071641988","1,124310349","-0,05266836025"
2017-06-23 00:00:00.000,"1,250474701","1,256534144","-0,006059442927"
2017-06-24 00:00:00.000,0,0,0
2017-06-25 00:00:00.000,0,0,0
2017-06-26 00:00:00.000,"1,312975923","1,49E+00","-0,1732348627"
2017-06-27 00:00:00.000,"1,47E+00","1,21556149","0,2573340769"
2017-06-28 00:00:00.000,"1,69E+00","1,33E+00","0,3612853046"
2017-06-29 00:00:00.000,"1,42E+00","1,54E+00","-0,1123890431"
2017-06-30 00:00:00.000,"1,61E+00","1,92E+00","-0,3220249775"
2017-07-01 00:00:00.000,0,0,0
2017-07-02 00:00:00.000,0,0,0
2017-07-03 00:00:00.000,"1,243487922","1,49E+00","-0,2478050356"
2017-07-04 00:00:00.000,"1,45E+00","1,082020579","0,3696979468"
2017-07-05 00:00:00.000,"1,075393532","0,9637936026","0,1115999298"
2017-07-06 00:00:00.000,"1,139609512","1,075876211","0,06373330139"
2017-07-07 00:00:00.000,"1,031289297","0,9236443064","0,1076449902"
2017-07-08 00:00:00.000,0,0,0
2017-07-09 00:00:00.000,0,0,0
2017-07-10 00:00:00.000,"1,46E+00","1,13659096","0,3244725646"
2017-07-11 00:00:00.000,"1,268554793","1,058921171","0,2096336219"
2017-07-12 00:00:00.000,"1,092821563","1,036495391","0,0563261725"
2017-07-13 00:00:00.000,"1,255645526","0,9211627985","0,334482728"
2017-07-14 00:00:00.000,"1,039702265","1,46E+00","-0,4246252561"
2017-07-15 00:00:00.000,0,0,0
2017-07-16 00:00:00.000,0,0,0
2017-07-17 00:00:00.000,"1,24948912","1,34E+00","-0,09529091701"
2017-07-18 00:00:00.000,"0,9899737017","1,099377906","-0,109404204"
2017-07-19 00:00:00.000,"1,207347193","1,127377057","0,07997013552"
2017-07-20 00:00:00.000,"2,09E+00","1,042624827","1,05433559"
2017-07-21 00:00:00.000,"1,310167488","1,34E+00","-0,03746212816"
2017-07-22 00:00:00.000,0,0,0
2017-07-23 00:00:00.000,0,0,0
2017-07-24 00:00:00.000,"1,40E+00","2,26E+00","-0,8761677704"
2017-07-25 00:00:00.000,"1,42E+00","1,40E+00","0,03114735082"
2017-07-26 00:00:00.000,"0,9712781958","1,53E+00","-0,5618687674"
2017-07-27 00:00:00.000,"1,33E+00","1,137148014","0,1951237766"
2017-07-28 00:00:00.000,"1,098768274","1,34E+00","-0,2462296932"
2017-07-29 00:00:00.000,0,0,0
2017-07-30 00:00:00.000,0,0,0
2017-07-31 00:00:00.000,"1,55E+00","1,58E+00","-0,03414020271"
2017-08-01 00:00:00.000,"1,093634053","1,247560906","-0,1539268533"
2017-08-02 00:00:00.000,"1,32E+00","1,101874863","0,216099086"
2017-08-03 00:00:00.000,"1,240488167","0,9218293349","0,318658832"
2017-08-04 00:00:00.000,"1,183311646","0,9987325573","0,1845790887"
2017-08-05 00:00:00.000,0,0,0
2017-08-06 00:00:00.000,0,0,0
2017-08-07 00:00:00.000,"1,41E+00","1,243966396","0,1674088706"
2017-08-08 00:00:00.000,"1,135498342","1,077311238","0,05818710399"
2017-08-09 00:00:00.000,"1,053953275","1,152129831","-0,0981765553"
2017-08-10 00:00:00.000,"1,189337592","1,275169951","-0,08583235925"
2017-08-11 00:00:00.000,"1,202165294","1,08540726","0,1167580344"
2017-08-12 00:00:00.000,0,0,0
2017-08-13 00:00:00.000,0,0,0
2017-08-14 00:00:00.000,"1,263492253","1,298052623","-0,03456037003"
2017-08-15 00:00:00.000,"1,284630471","1,275099223","0,009531248654"
2017-08-16 00:00:00.000,"1,014395065","1,19434174","-0,1799466757"
2017-08-17 00:00:00.000,"1,125070108","0,9431859993","0,181884109"
2017-08-18 00:00:00.000,"1,049687428","0,9341117231","0,1155757046"
2017-08-19 00:00:00.000,0,0,0
2017-08-20 00:00:00.000,0,0,0
2017-08-21 00:00:00.000,"1,281748788","1,203060886","0,07868790238"
2017-08-22 00:00:00.000,"1,007790055","1,084271148","-0,07648109322"
2017-08-23 00:00:00.000,"1,011272774","0,9426394117","0,06863336263"
2017-08-24 00:00:00.000,"1,190278792","1,196886346","-0,006607554462"
2017-08-25 00:00:00.000,"1,068536374","1,299081035","-0,2305446617"
2017-08-26 00:00:00.000,0,0,0
2017-08-27 00:00:00.000,0,0,0
2017-08-28 00:00:00.000,"1,36E+00","1,38E+00","-0,02516283127"
2017-08-29 00:00:00.000,"1,03218164","1,088968041","-0,05678640128"
2017-08-30 00:00:00.000,"1,130945359","1,2312289","-0,100283541"
2017-08-31 00:00:00.000,"1,38E+00","1,145165522","0,2351032517"
2017-09-01 00:00:00.000,"0,9435791571","1,20911076","-0,2655316026"
2017-09-02 00:00:00.000,0,0,0
2017-09-03 00:00:00.000,0,0,0
2017-09-04 00:00:00.000,"0,9775955161","1,025054211","-0,04745869441"
2017-09-05 00:00:00.000,"1,33E+00","1,228687383","0,1059746598"
2017-09-06 00:00:00.000,"1,073680547","0,9164898216","0,1571907254"
2017-09-07 00:00:00.000,"1,312621747","1,067942947","0,2446788"
2017-09-08 00:00:00.000,"1,199023869","1,079391559","0,1196323099"
2017-09-09 00:00:00.000,0,0,0
2017-09-10 00:00:00.000,0,0,0
2017-09-11 00:00:00.000,"1,50E+00","1,225194567","0,2819708597"
2017-09-12 00:00:00.000,"1,134351243","1,34E+00","-0,2117112401"
2017-09-13 00:00:00.000,"1,0542822","1,096959851","-0,04267765141"
2017-09-14 00:00:00.000,"1,36E+00","1,240895313","0,1123206914"
2017-09-15 00:00:00.000,"1,243547134","1,073871651","0,1696754822"
2017-09-16 00:00:00.000,0,0,0
2017-09-17 00:00:00.000,0,0,0
2017-09-18 00:00:00.000,"1,183366651","1,215845266","-0,03247861474"
2017-09-19 00:00:00.000,"1,215867674","1,049364011","0,1665036634"
2017-09-20 00:00:00.000,"1,175119953","1,083103905","0,09201604808"
2017-09-21 00:00:00.000,"1,65E+00","1,34E+00","0,2978683536"
2017-09-22 00:00:00.000,"1,278011638","1,62E+00","-0,3432410557"
2017-09-23 00:00:00.000,0,0,0
2017-09-24 00:00:00.000,0,0,0
2017-09-25 00:00:00.000,"1,84E+00","1,86E+00","-0,0092437143"
2017-09-26 00:00:00.000,"1,312645045","1,32E+00","-0,007340099126"
2017-09-27 00:00:00.000,"1,22922077","1,229443118","-0,0002223484312"
2017-09-28 00:00:00.000,"1,99E+00","1,47E+00","0,5048443972"
2017-09-29 00:00:00.000,"1,74E+00","1,59E+00","0,1336820069"
2017-09-30 00:00:00.000,0,0,0
2017-10-01 00:00:00.000,0,0,0
2017-10-02 00:00:00.000,"1,201850475","1,45E+00","-0,2512229933"
2017-10-03 00:00:00.000,"1,05806478","1,181187743","-0,1231229628"
2017-10-04 00:00:00.000,"1,301748177","1,134509702","0,1672384748"
2017-10-05 00:00:00.000,"1,46E+00","1,218275951","0,2375712668"
2017-10-06 00:00:00.000,"1,037572631","1,182974137","-0,1454015061"
2017-10-07 00:00:00.000,0,0,0
2017-10-08 00:00:00.000,0,0,0
2017-10-09 00:00:00.000,"1,23521725","1,263230428","-0,02801317796"
2017-10-10 00:00:00.000,"1,55E+00","1,239372918","0,3135953829"
2017-10-11 00:00:00.000,"1,166918922","1,140840781","0,0260781412"
2017-10-12 00:00:00.000,"1,50E+00","1,310159781","0,1869930878"
2017-10-13 00:00:00.000,"1,269935345","1,27167878","-0,001743434914"
2017-10-14 00:00:00.000,0,0,0
2017-10-15 00:00:00.000,0,0,0
2017-10-16 00:00:00.000,"1,47E+00","1,259481886","0,2208299656"
2017-10-17 00:00:00.000,"1,232446182","1,33E+00","-0,09678237886"
2017-10-18 00:00:00.000,"1,110691914","1,168699745","-0,05800783093"
2017-10-19 00:00:00.000,"1,41E+00","1,282764812","0,132646546"
2017-10-20 00:00:00.000,"1,23456549","1,061407869","0,1731576209"
2017-10-21 00:00:00.000,0,0,0
2017-10-22 00:00:00.000,0,0,0
2017-10-23 00:00:00.000,"1,47E+00","1,47E+00","0,001425046609"
2017-10-24 00:00:00.000,"1,300420638","1,255132286","0,04528835238"
2017-10-25 00:00:00.000,"1,75E+00","1,63E+00","0,1068226365"
2017-10-26 00:00:00.000,"1,25957232","1,36E+00","-0,09009036918"
2017-10-27 00:00:00.000,"1,38E+00","1,33E+00","0,04219937893"
2017-10-28 00:00:00.000,0,0,0
2017-10-29 00:00:00.000,0,0,0
2017-10-30 00:00:00.000,"1,51E+00","1,79E+00","-0,2806130591"
2017-10-31 00:00:00.000,"2,04E+00","1,47E+00","0,5564525791"
2017-11-01 00:00:00.000,"1,178222306","1,75E+00","-0,5667441362"
2017-11-02 00:00:00.000,"1,46E+00","1,098763118","0,3654260888"
2017-11-03 00:00:00.000,"1,17029967","1,63E+00","-0,4678372936"
2017-11-04 00:00:00.000,0,0,0
2017-11-05 00:00:00.000,0,0,0
2017-11-06 00:00:00.000,0,0,0
2017-11-07 00:00:00.000,"1,46E+00","1,86E+00","-0,3913195868"
2017-11-08 00:00:00.000,"1,202351947","1,37E+00","-0,1719451003"
2017-11-09 00:00:00.000,"1,306919522","1,42E+00","-0,1109021993"
2017-11-10 00:00:00.000,0,0,0
2017-11-11 00:00:00.000,0,0,0
2017-11-12 00:00:00.000,0,0,0
2017-11-13 00:00:00.000,"1,38E+00","1,45E+00","-0,07415524052"
2017-11-14 00:00:00.000,"1,42E+00","1,262526289","0,1655684186"
2017-11-15 00:00:00.000,"1,34E+00","1,196198117","0,1428381314"
2017-11-16 00:00:00.000,"1,164537601","1,38E+00","-0,2192010845"
2017-11-17 00:00:00.000,"1,192551972","1,165056573","0,02749539909"
2017-11-18 00:00:00.000,0,0,0
2017-11-19 00:00:00.000,0,0,0
2017-11-20 00:00:00.000,"1,312113134","1,46E+00","-0,1516569091"
2017-11-21 00:00:00.000,"1,177931398","1,115692052","0,06223934577"
2017-11-22 00:00:00.000,"1,112113842","1,14701966","-0,03490581738"
2017-11-23 00:00:00.000,"1,241418899","1,118752966","0,1226659333"
2017-11-24 00:00:00.000,"1,254482575","1,215512168","0,03897040745"
2017-11-25 00:00:00.000,0,0,0
2017-11-26 00:00:00.000,0,0,0
2017-11-27 00:00:00.000,"1,36E+00","1,80E+00","-0,4523712348"
2017-11-28 00:00:00.000,"1,42E+00","1,37E+00","0,05103751647"
2017-11-29 00:00:00.000,"1,62E+00","1,114252854","0,5052844762"
2017-11-30 00:00:00.000,"1,71E+00","1,34E+00","0,3664667354"
2017-12-01 00:00:00.000,"1,199286885","1,101925772","0,09736111292"
2017-12-02 00:00:00.000,0,0,0
2017-12-03 00:00:00.000,0,0,0
2017-12-04 00:00:00.000,"1,53E+00","1,41E+00","0,1122394773"
2017-12-05 00:00:00.000,"1,33E+00","1,149244426","0,1856440652"
2017-12-06 00:00:00.000,"1,40E+00","1,097781003","0,2963299485"
2017-12-07 00:00:00.000,"1,36E+00","1,143343204","0,2170449589"
2017-12-08 00:00:00.000,"1,42E+00","1,101938859","0,3263404223"
2017-12-09 00:00:00.000,0,0,0
2017-12-10 00:00:00.000,0,0,0
2017-12-11 00:00:00.000,"1,53E+00","1,51E+00","0,02211868277"
2017-12-12 00:00:00.000,"1,53E+00","1,44E+00","0,09621614413"
2017-12-13 00:00:00.000,"1,199346931","1,2296667","-0,03031976944"
2017-12-14 00:00:00.000,"1,47E+00","1,160332213","0,3122291488"
2017-12-15 00:00:00.000,"2,33E+00","1,36E+00","0,9761226429"
2017-12-16 00:00:00.000,0,0,0
2017-12-17 00:00:00.000,0,0,0
2017-12-18 00:00:00.000,"1,65E+00","2,58E+00","-0,933812258"
2017-12-19 00:00:00.000,"1,88E+00","1,45E+00","0,4338393999"
2017-12-20 00:00:00.000,"2,32E+00","1,61E+00","0,7036327369"
2017-12-21 00:00:00.000,"1,99E+00","1,76E+00","0,2280200157"
2017-12-22 00:00:00.000,"1,63E+00","1,75E+00","-0,1269485248"
2017-12-23 00:00:00.000,0,0,0
2017-12-24 00:00:00.000,0,0,0
2017-12-25 00:00:00.000,"2,83E+00","3,77E+00","-0,9359826802"
2017-12-26 00:00:00.000,"2,38E+00","2,83E+00","-0,4553665429"
2017-12-27 00:00:00.000,"2,71E+00","2,48E+00","0,2363573286"
2017-12-28 00:00:00.000,"3,27E+00","2,73E+00","0,5413793462"
2017-12-29 00:00:00.000,"2,01E+00","1,83E+00","0,17613351"
2017-12-30 00:00:00.000,"0,005620279176","0,002638678738","0,002981600437"
2017-12-31 00:00:00.000,0,0,0
2018-01-01 00:00:00.000,0,0,0
2018-01-02 00:00:00.000,0,0,0
2018-01-03 00:00:00.000,"0,006585072026","0,007369691179","-0,000784619153"
2018-01-04 00:00:00.000,"0,0007715172498",0,"0,0007715172498"
2018-01-05 00:00:00.000,"0,0007414149773","0,0000006567672436","0,0007407582101"
2018-01-06 00:00:00.000,"0,01109286992","0,1179435977","-0,1068507278"
2018-01-07 00:00:00.000,0,0,0
2018-01-08 00:00:00.000,0,0,0
2018-01-09 00:00:00.000,"1,65E+00","2,21E+00","-0,5670238532"
2018-01-10 00:00:00.000,"1,36E+00","1,55E+00","-0,1971575282"
2018-01-11 00:00:00.000,"1,58E+00","1,34E+00","0,2338358007"
2018-01-12 00:00:00.000,"1,71E+00","1,302825813","0,4041623868"
2018-01-13 00:00:00.000,0,0,0
2018-01-14 00:00:00.000,0,0,0
2018-01-15 00:00:00.000,"1,36E+00","3,75E+00","-2,38E+00"
2018-01-16 00:00:00.000,"1,021496212","1,37E+00","-0,3446198675"
2018-01-17 00:00:00.000,"1,054471021","1,46E+00","-0,4074156695"
2018-01-18 00:00:00.000,"0,9613595566","1,139613276","-0,1782537193"
2018-01-19 00:00:00.000,"1,230996455","1,23483588","-0,003839424436"
2018-01-20 00:00:00.000,0,0,0
2018-01-21 00:00:00.000,0,0,0
2018-01-22 00:00:00.000,"1,41E+00","1,53E+00","-0,1251409216"
2018-01-23 00:00:00.000,"1,166210584","1,269988474","-0,1037778908"
2018-01-24 00:00:00.000,"1,108201884","1,272716483","-0,1645145985"
2018-01-25 00:00:00.000,"1,84E+00","2,01E+00","-0,1713541077"
2018-01-26 00:00:00.000,"1,212847163","1,63E+00","-0,4141022843"
2018-01-27 00:00:00.000,0,0,0
2018-01-28 00:00:00.000,0,0,0
2018-01-29 00:00:00.000,"1,33E+00","1,71E+00","-0,3797232095"
2018-01-30 00:00:00.000,"1,308287151","1,306081139","0,002206011692"
2018-01-31 00:00:00.000,"1,47E+00","1,018090956","0,4529646345"
2018-02-01 00:00:00.000,"1,126345433","1,114063838","0,01228159434"
2018-02-02 00:00:00.000,"1,114233401","1,027538672","0,08669472877"
2018-02-03 00:00:00.000,0,0,0
2018-02-04 00:00:00.000,0,0,0
2018-02-05 00:00:00.000,"1,109064289","1,092753415","0,01631087448"
2018-02-06 00:00:00.000,"1,37E+00","1,296089904","0,06866013225"
2018-02-07 00:00:00.000,"1,225953239","1,32E+00","-0,09203341613"
2018-02-08 00:00:00.000,"1,243065145","1,33E+00","-0,08034405941"
2018-02-09 00:00:00.000,"1,75E+00","1,69E+00","0,0680632866"
2018-02-10 00:00:00.000,0,0,0
2018-02-11 00:00:00.000,0,0,0
2018-02-12 00:00:00.000,"1,42E+00","1,45E+00","-0,03190894893"
2018-02-13 00:00:00.000,"1,57E+00","1,47E+00","0,0923336869"
2018-02-14 00:00:00.000,"1,115707494","1,307136066","-0,1914285725"
2018-02-15 00:00:00.000,"1,34E+00","1,53E+00","-0,1841190087"
2018-02-16 00:00:00.000,"1,222162777","0,9700905018","0,2520722753"
2018-02-17 00:00:00.000,0,0,0
2018-02-18 00:00:00.000,0,0,0
2018-02-19 00:00:00.000,"1,183637476","1,42E+00","-0,2442398347"
2018-02-20 00:00:00.000,"1,34E+00","1,49E+00","-0,1505753919"
2018-02-21 00:00:00.000,"1,313267349","1,19010885","0,1231584987"
2018-02-22 00:00:00.000,"1,40E+00","1,46E+00","-0,06326180454"
2018-02-23 00:00:00.000,0,0,0
2018-02-24 00:00:00.000,0,0,0
2018-02-25 00:00:00.000,0,0,0
2018-02-26 00:00:00.000,"1,91E+00","2,07E+00","-0,1559753454"
2018-02-27 00:00:00.000,"1,36E+00","1,99E+00","-0,6329861347"
2018-02-28 00:00:00.000,"1,41E+00","1,57E+00","-0,1624058487"
2018-03-01 00:00:00.000,"1,191853781","1,050268055","0,1415857265"
2018-03-02 00:00:00.000,"1,125936949","1,16719389","-0,04125694054"
2018-03-03 00:00:00.000,0,0,0
2018-03-04 00:00:00.000,0,0,0
2018-03-05 00:00:00.000,"1,55E+00","1,38E+00","0,1686159298"
2018-03-06 00:00:00.000,"1,45E+00","1,07958378","0,3691358105"
2018-03-07 00:00:00.000,"1,66E+00","1,54E+00","0,128452346"
2018-03-08 00:00:00.000,0,0,0
2018-03-09 00:00:00.000,"0,00001190400399","0,00002859568265","-0,00001669167866"
2018-03-10 00:00:00.000,0,0,0
2018-03-11 00:00:00.000,0,0,0
2018-03-12 00:00:00.000,"1,58E+00","1,78E+00","-0,1961700042"
2018-03-13 00:00:00.000,"1,24261765","1,40E+00","-0,153802505"
2018-03-14 00:00:00.000,"1,1733862","1,190901097","-0,01751489693"
2018-03-15 00:00:00.000,"1,38E+00","1,33E+00","0,05343506556"
2018-03-16 00:00:00.000,"1,36E+00","1,292974238","0,05816739959"
2018-03-17 00:00:00.000,"0,0001217577556",0,"0,0001217577556"
2018-03-18 00:00:00.000,0,0,0
2018-03-19 00:00:00.000,"1,55E+00","1,65E+00","-0,09395671575"
2018-03-20 00:00:00.000,"1,33E+00","1,236751795","0,09317575328"
2018-03-21 00:00:00.000,"1,109753586","1,063890267","0,04586331896"
2018-03-22 00:00:00.000,"1,222847945","1,18741875","0,03542919482"
2018-03-23 00:00:00.000,"1,49E+00","1,292718683","0,1951651717"
2018-03-24 00:00:00.000,0,0,0
2018-03-25 00:00:00.000,0,0,0
2018-03-26 00:00:00.000,"1,84E+00","2,70E+00","-0,8648673231"
2018-03-27 00:00:00.000,"2,26E+00","1,79E+00","0,46247991"
2018-03-28 00:00:00.000,"1,57E+00","1,78E+00","-0,2068878061"
2018-03-29 00:00:00.000,"2,34E+00","1,49E+00","0,8544068352"
2018-03-30 00:00:00.000,"1,55E+00","2,54E+00","-0,9962698236"
2018-03-31 00:00:00.000,"0,0000102721",0,"0,0000102721"
2018-04-01 00:00:00.000,0,0,0
2018-04-02 00:00:00.000,"1,300387682","1,57E+00","-0,2646927655"
2018-04-03 00:00:00.000,"1,223494639","1,38E+00","-0,1618104226"
2018-04-04 00:00:00.000,"1,22276038","1,44E+00","-0,2139477336"
2018-04-05 00:00:00.000,"1,58E+00","1,40E+00","0,1924628802"
2018-04-06 00:00:00.000,"1,71E+00","1,34E+00","0,3669050035"
2018-04-07 00:00:00.000,0,0,0
2018-04-08 00:00:00.000,0,0,0
2018-04-09 00:00:00.000,"1,309319345","1,42E+00","-0,1068959657"
2018-04-10 00:00:00.000,"1,62E+00","1,72E+00","-0,1048849217"
2018-04-11 00:00:00.000,"1,176922582","1,41E+00","-0,2320126173"
2018-04-12 00:00:00.000,"1,44E+00","1,214621051","0,2183295943"
2018-04-13 00:00:00.000,"1,41E+00","1,167063586","0,2454015449"
2018-04-14 00:00:00.000,0,0,0
2018-04-15 00:00:00.000,0,0,0
2018-04-16 00:00:00.000,"1,51E+00","1,62E+00","-0,103281586"
2018-04-17 00:00:00.000,"1,104152643","2,62E+00","-1,51E+00"
2018-04-18 00:00:00.000,"0,9254136803","1,043746923","-0,1183332423"
2018-04-19 00:00:00.000,"1,42E+00","1,258829646","0,1637489926"
2018-04-20 00:00:00.000,"1,205474129","1,231768594","-0,02629446447"
2018-04-21 00:00:00.000,0,0,0
2018-04-22 00:00:00.000,0,0,0
2018-04-23 00:00:00.000,"1,217435622","1,47E+00","-0,2571485368"
2018-04-24 00:00:00.000,"1,33E+00","1,33E+00","0,001984710777"
2018-04-25 00:00:00.000,"1,51E+00","1,70E+00","-0,1866236226"
2018-04-26 00:00:00.000,"1,40E+00","1,50E+00","-0,110396447"
2018-04-27 00:00:00.000,"1,76E+00","2,03E+00","-0,2694433681"
2018-04-28 00:00:00.000,"1,46E+00","1,65E+00","-0,1863585538"
2018-04-29 00:00:00.000,0,0,0
2018-04-30 00:00:00.000,"0,004996084761",0,"0,004996084761"
2018-05-01 00:00:00.000,0,0,0
2018-05-02 00:00:00.000,"0,003980773936",0,"0,003980773936"
2018-05-03 00:00:00.000,"1,72E+00","1,44E+00","0,2977262248"
2018-05-04 00:00:00.000,"1,37E+00","1,54E+00","-0,1664082579"
2018-05-05 00:00:00.000,0,0,0
2018-05-06 00:00:00.000,0,0,0
2018-05-07 00:00:00.000,"1,40E+00","1,296160744","0,1057340193"
2018-05-08 00:00:00.000,"1,258213582","1,257152284","0,001061298312"
2018-05-09 00:00:00.000,0,0,0
2018-05-10 00:00:00.000,"1,76E+00","1,27867256","0,4843617827"
2018-05-11 00:00:00.000,"1,37E+00","1,281430306","0,09086850388"
2018-05-12 00:00:00.000,0,0,0
2018-05-13 00:00:00.000,0,0,0
2018-05-14 00:00:00.000,"1,69E+00","1,46E+00","0,2205738918"
2018-05-15 00:00:00.000,"1,47E+00","1,34E+00","0,1214699649"
2018-05-16 00:00:00.000,"1,133407518","1,44E+00","-0,301814546"
2018-05-17 00:00:00.000,"1,250596306","1,37E+00","-0,124513199"
2018-05-18 00:00:00.000,"1,316268717","1,46E+00","-0,1425933936"
2018-05-19 00:00:00.000,0,0,0
2018-05-20 00:00:00.000,0,0,0
2018-05-21 00:00:00.000,"1,58E+00","1,53E+00","0,05003265988"
2018-05-22 00:00:00.000,"1,165414362","1,19332344","-0,02790907811"
2018-05-23 00:00:00.000,"1,230083144","1,259319162","-0,02923601713"
2018-05-24 00:00:00.000,"1,61E+00","1,94E+00","-0,3256334301"
2018-05-25 00:00:00.000,"1,41E+00","1,84E+00","-0,4445064721"
2018-05-26 00:00:00.000,0,0,0
2018-05-27 00:00:00.000,0,0,0
2018-05-28 00:00:00.000,"1,54E+00","1,78E+00","-0,2300911452"
2018-05-29 00:00:00.000,"1,46E+00","1,299133489","0,1595207383"
2018-05-30 00:00:00.000,"1,34E+00","1,240921704","0,1025565549"
2018-05-31 00:00:00.000,"1,49E+00","1,36E+00","0,1250070281"
2018-06-01 00:00:00.000,"1,62E+00","1,162185286","0,4635326226"
2018-06-02 00:00:00.000,0,0,0
2018-06-03 00:00:00.000,0,0,0
2018-06-04 00:00:00.000,"1,57E+00","1,74E+00","-0,1735898872"
2018-06-05 00:00:00.000,"1,229559479","1,17265838","0,05690109932"
2018-06-06 00:00:00.000,"1,189450137","1,143400192","0,0460499455"
2018-06-07 00:00:00.000,"1,37E+00","1,224229348","0,1387891808"
2018-06-08 00:00:00.000,"1,37E+00","1,176689982","0,1934122167"
2018-06-09 00:00:00.000,"1,281283481","1,095645257","0,185638223"
2018-06-10 00:00:00.000,0,0,0
2018-06-11 00:00:00.000,"0,005591363221",0,"0,005591363221"
2018-06-12 00:00:00.000,0,0,0
2018-06-13 00:00:00.000,"1,69E+00","1,58E+00","0,09450883175"
2018-06-14 00:00:00.000,"1,80E+00","1,37E+00","0,4375980108"
2018-06-15 00:00:00.000,"1,94E+00","1,61E+00","0,3311546621"
2018-06-16 00:00:00.000,0,0,0
2018-06-17 00:00:00.000,0,0,0
2018-06-18 00:00:00.000,"1,78E+00","1,98E+00","-0,1970853486"
2018-06-19 00:00:00.000,"1,69E+00","1,21493626","0,4710776694"
2018-06-20 00:00:00.000,"1,78E+00","1,41E+00","0,3635146338"
2018-06-21 00:00:00.000,"3,04E+00","2,16E+00","0,8800873815"
2018-06-22 00:00:00.000,"1,91E+00","1,90E+00","0,01693282984"
2018-06-23 00:00:00.000,0,0,0
2018-06-24 00:00:00.000,0,0,0
2018-06-25 00:00:00.000,"1,84E+00","2,20E+00","-0,3495210262"
2018-06-26 00:00:00.000,"2,09E+00","1,72E+00","0,3721901009"
2018-06-27 00:00:00.000,"1,58E+00","1,66E+00","-0,07222656592"
2018-06-28 00:00:00.000,"2,00E+00","1,94E+00","0,06127941619"
2018-06-29 00:00:00.000,"1,82E+00","1,46E+00","0,3620395876"
2018-06-30 00:00:00.000,0,0,0
2018-07-01 00:00:00.000,0,0,0
2018-07-02 00:00:00.000,"1,49E+00","1,45E+00","0,04144873577"
2018-07-03 00:00:00.000,"1,298741962","1,34E+00","-0,04179168178"
2018-07-04 00:00:00.000,"1,53E+00","1,006362269","0,5153954449"
2018-07-05 00:00:00.000,"1,74E+00","1,22656075","0,5117186182"
2018-07-06 00:00:00.000,"1,50E+00","1,259664384","0,2423428243"
2018-07-07 00:00:00.000,0,0,0
2018-07-08 00:00:00.000,0,0,0
2018-07-09 00:00:00.000,"1,57E+00","1,58E+00","-0,01624066825"
2018-07-10 00:00:00.000,"1,59E+00","1,55E+00","0,03682273926"
2018-07-11 00:00:00.000,"2,25E+00","1,41E+00","0,8370300914"
2018-07-12 00:00:00.000,"1,62E+00","1,50E+00","0,1149139736"
2018-07-13 00:00:00.000,"1,44E+00","1,45E+00","-0,009242535945"
2018-07-14 00:00:00.000,0,0,0
2018-07-15 00:00:00.000,0,0,0
2018-07-16 00:00:00.000,"1,78E+00","1,34E+00","0,4399429428"
2018-07-17 00:00:00.000,"1,78E+00","1,41E+00","0,375381331"
2018-07-18 00:00:00.000,"1,34E+00","1,227480634","0,1142789299"
2018-07-19 00:00:00.000,"1,185866175","1,37E+00","-0,1814163252"
2018-07-20 00:00:00.000,"1,45E+00","1,57E+00","-0,1157046618"
2018-07-21 00:00:00.000,0,0,0
2018-07-22 00:00:00.000,0,0,0
2018-07-23 00:00:00.000,"1,98E+00","1,44E+00","0,5434331918"
2018-07-24 00:00:00.000,"2,11E+00","1,63E+00","0,4699335462"
2018-07-25 00:00:00.000,"1,58E+00","2,23E+00","-0,6492749158"
2018-07-26 00:00:00.000,"1,65E+00","2,03E+00","-0,3792792642"
2018-07-27 00:00:00.000,"1,50E+00","1,54E+00","-0,04278817109"
2018-07-28 00:00:00.000,0,0,0
2018-07-29 00:00:00.000,0,0,0
2018-07-30 00:00:00.000,"1,88E+00","1,59E+00","0,2930789294"
2018-07-31 00:00:00.000,"2,12E+00","1,65E+00","0,4741588397"
2018-08-01 00:00:00.000,"1,32E+00","1,124598384","0,1929539525"
2018-08-02 00:00:00.000,"1,51E+00","1,54E+00","-0,03001915985"
2018-08-03 00:00:00.000,"1,42E+00","1,37E+00","0,05336127478"
2018-08-04 00:00:00.000,0,0,0
2018-08-05 00:00:00.000,0,0,0
2018-08-06 00:00:00.000,"1,36E+00","1,54E+00","-0,1931654372"
2018-08-07 00:00:00.000,"1,33E+00","1,33E+00","-0,007080606377"
2018-08-08 00:00:00.000,"1,49E+00","1,45E+00","0,03993042331"
2018-08-09 00:00:00.000,"1,69E+00","1,62E+00","0,0754115932"
2018-08-10 00:00:00.000,"1,76E+00","1,59E+00","0,163550853"
2018-08-11 00:00:00.000,0,0,0
2018-08-12 00:00:00.000,0,0,0
2018-08-13 00:00:00.000,"1,42E+00","1,80E+00","-0,3715970586"
2018-08-14 00:00:00.000,"1,83E+00","1,57E+00","0,2614519113"
2018-08-15 00:00:00.000,"1,42E+00","1,34E+00","0,08545779344"
2018-08-16 00:00:00.000,"1,36E+00","1,197224178","0,1595338943"
2018-08-17 00:00:00.000,"1,237913157","1,58E+00","-0,3401820481"
2018-08-18 00:00:00.000,0,0,0
2018-08-19 00:00:00.000,0,0,0
2018-08-20 00:00:00.000,"1,46E+00","1,61E+00","-0,1428170578"
2018-08-21 00:00:00.000,"1,41E+00","1,51E+00","-0,1078533082"
2018-08-22 00:00:00.000,"1,41E+00","1,42E+00","-0,00898531188"
2018-08-23 00:00:00.000,"1,38E+00","1,42E+00","-0,03424043437"
2018-08-24 00:00:00.000,"2,16E+00","1,55E+00","0,6079887556"
2018-08-25 00:00:00.000,0,0,0
2018-08-26 00:00:00.000,0,0,0
2018-08-27 00:00:00.000,"1,87E+00","1,88E+00","-0,0142998996"
2018-08-28 00:00:00.000,"1,66E+00","1,44E+00","0,2287095792"
2018-08-29 00:00:00.000,"1,70E+00","1,53E+00","0,170601413"
2018-08-30 00:00:00.000,"1,51E+00","1,256543075","0,2626525118"
2018-08-31 00:00:00.000,"1,76E+00","1,37E+00","0,3887748227"
2018-09-01 00:00:00.000,0,0,0
2018-09-02 00:00:00.000,0,0,0
2018-09-03 00:00:00.000,"1,235955068","1,42E+00","-0,1829053502"
2018-09-04 00:00:00.000,"1,16506178","1,33E+00","-0,1615693128"
2018-09-05 00:00:00.000,"1,42E+00","1,175437881","0,2444095836"
2018-09-06 00:00:00.000,"1,54E+00","1,41E+00","0,1245820788"
2018-09-07 00:00:00.000,"1,57E+00","1,301854742","0,2638628879"
2018-09-08 00:00:00.000,0,0,0
2018-09-09 00:00:00.000,0,0,0
2018-09-10 00:00:00.000,"1,78E+00","1,58E+00","0,1886701324"
2018-09-11 00:00:00.000,"1,46E+00","1,38E+00","0,07499455707"
2018-09-12 00:00:00.000,"1,37E+00","1,34E+00","0,02010620003"
2018-09-13 00:00:00.000,"1,71E+00","1,175488889","0,5336826406"
2018-09-14 00:00:00.000,"1,49E+00","1,49E+00","0,001998579591"
2018-09-15 00:00:00.000,0,0,0
2018-09-16 00:00:00.000,0,0,0
2018-09-17 00:00:00.000,"1,57E+00","1,61E+00","-0,03369292593"
2018-09-18 00:00:00.000,"1,195589334","1,264953325","-0,0693639909"
2018-09-19 00:00:00.000,"1,230563418","1,40E+00","-0,1608692121"
2018-09-20 00:00:00.000,"1,79E+00","1,71E+00","0,07741357907"
2018-09-21 00:00:00.000,"1,79E+00","1,40E+00","0,3864375475"
2018-09-22 00:00:00.000,0,0,0
2018-09-23 00:00:00.000,0,0,0
2018-09-24 00:00:00.000,"1,99E+00","1,65E+00","0,3442974893"
2018-09-25 00:00:00.000,"2,03E+00","2,75E+00","-0,7125150498"
2018-09-26 00:00:00.000,"1,55E+00","1,74E+00","-0,1773489467"
2018-09-27 00:00:00.000,"2,01E+00","1,91E+00","0,09902609992"
2018-09-28 00:00:00.000,"2,29E+00","2,75E+00","-0,4616807417"
2018-09-29 00:00:00.000,0,0,0
2018-09-30 00:00:00.000,0,0,0
2018-10-01 00:00:00.000,"1,83E+00","1,51E+00","0,3181382167"
2018-10-02 00:00:00.000,"1,40E+00","1,240915693","0,1558946679"
2018-10-03 00:00:00.000,"1,34E+00","1,177394586","0,1680038767"
2018-10-04 00:00:00.000,"1,42E+00","1,099084868","0,3256645237"
2018-10-05 00:00:00.000,"1,285403675","1,40E+00","-0,1055092426"
2018-10-06 00:00:00.000,0,0,0
2018-10-07 00:00:00.000,0,0,0
2018-10-08 00:00:00.000,"1,46E+00","1,46E+00","-0,002914184799"
2018-10-09 00:00:00.000,"2,20E+00","1,46E+00","0,7456962395"
2018-10-10 00:00:00.000,0,0,0
2018-10-11 00:00:00.000,"1,45E+00","1,30028595","0,1462735677"
2018-10-12 00:00:00.000,"1,63E+00","1,55E+00","0,08398388974"
2018-10-13 00:00:00.000,0,0,0
2018-10-14 00:00:00.000,0,0,0
2018-10-15 00:00:00.000,"1,69E+00","2,01E+00","-0,3197842222"
2018-10-16 00:00:00.000,"1,44E+00","1,54E+00","-0,108391332"
2018-10-17 00:00:00.000,"1,37E+00","1,49E+00","-0,1093255473"
2018-10-18 00:00:00.000,"1,33E+00","1,47E+00","-0,1422327681"
2018-10-19 00:00:00.000,"1,36E+00","1,44E+00","-0,07886468362"
2018-10-20 00:00:00.000,0,0,0
2018-10-21 00:00:00.000,0,0,0
2018-10-22 00:00:00.000,"1,75E+00","1,53E+00","0,2199810966"
2018-10-23 00:00:00.000,"1,50E+00","1,51E+00","-0,008337977287"
2018-10-24 00:00:00.000,"1,316250071","1,75E+00","-0,4380690468"
2018-10-25 00:00:00.000,"1,79E+00","3,20E+00","-1,40E+00"
2018-10-26 00:00:00.000,"1,49E+00","1,58E+00","-0,09095723687"
2018-10-27 00:00:00.000,0,0,0
2018-10-28 00:00:00.000,0,0,0
2018-10-29 00:00:00.000,"2,25E+00","1,91E+00","0,3375897539"
2018-10-30 00:00:00.000,"1,57E+00","1,40E+00","0,1748781596"
2018-10-31 00:00:00.000,"1,37E+00","2,29E+00","-0,9207075154"
2018-11-01 00:00:00.000,"1,45E+00","1,59E+00","-0,1473164526"
2018-11-02 00:00:00.000,"1,57E+00","1,298191056","0,2731691989"
2018-11-03 00:00:00.000,0,0,0
2018-11-04 00:00:00.000,0,0,0
2018-11-05 00:00:00.000,0,0,0
2018-11-06 00:00:00.000,"1,58E+00","1,62E+00","-0,03917553178"
2018-11-07 00:00:00.000,"1,306520544","1,21267751","0,09384303397"
2018-11-08 00:00:00.000,"1,72E+00","1,79E+00","-0,06026103276"
2018-11-09 00:00:00.000,"1,62E+00","1,44E+00","0,1883951766"
2018-11-10 00:00:00.000,0,0,0
2018-11-11 00:00:00.000,0,0,0
2018-11-12 00:00:00.000,"1,69E+00","1,78E+00","-0,0888922171"
2018-11-13 00:00:00.000,"1,74E+00","1,36E+00","0,3815241401"
2018-11-14 00:00:00.000,"1,58E+00","1,293235035","0,2910717785"
2018-11-15 00:00:00.000,"1,78E+00","1,70E+00","0,07960229958"
2018-11-16 00:00:00.000,"1,38E+00","1,66E+00","-0,2823683955"
2018-11-17 00:00:00.000,0,0,0
2018-11-18 00:00:00.000,0,0,0
2018-11-19 00:00:00.000,"1,49E+00","1,69E+00","-0,2046203146"
2018-11-20 00:00:00.000,"1,51E+00","1,49E+00","0,0207849801"
2018-11-21 00:00:00.000,"1,33E+00","1,41E+00","-0,08208689216"
2018-11-22 00:00:00.000,"1,54E+00","1,38E+00","0,1643886287"
2018-11-23 00:00:00.000,"1,69E+00","1,83E+00","-0,1454180275"
2018-11-24 00:00:00.000,0,0,0
2018-11-25 00:00:00.000,0,0,0
2018-11-26 00:00:00.000,"1,67E+00","2,50E+00","-0,8261369368"
2018-11-27 00:00:00.000,"1,71E+00","2,19E+00","-0,4756640886"
2018-11-28 00:00:00.000,"1,51E+00","1,65E+00","-0,1296928945"
2018-11-29 00:00:00.000,"1,72E+00","1,82E+00","-0,09646153433"
2018-11-30 00:00:00.000,"1,63E+00","1,78E+00","-0,1450070445"
2018-12-01 00:00:00.000,0,0,0
2018-12-02 00:00:00.000,0,0,0
2018-12-03 00:00:00.000,"1,53E+00","1,70E+00","-0,1641241141"
2018-12-04 00:00:00.000,"1,41E+00","1,63E+00","-0,2201784698"
2018-12-05 00:00:00.000,"1,40E+00","1,55E+00","-0,1525449607"
2018-12-06 00:00:00.000,"1,51E+00","1,46E+00","0,04860970589"
2018-12-07 00:00:00.000,"1,65E+00","1,55E+00","0,08104759563"
2018-12-08 00:00:00.000,0,0,0
2018-12-09 00:00:00.000,0,0,0
2018-12-10 00:00:00.000,"2,09E+00","2,15E+00","-0,05857973638"
2018-12-11 00:00:00.000,"1,74E+00","2,04E+00","-0,2995137208"
2018-12-12 00:00:00.000,"1,53E+00","1,59E+00","-0,0621428739"
2018-12-13 00:00:00.000,"1,71E+00","1,61E+00","0,1008822521"
2018-12-14 00:00:00.000,"1,72E+00","2,00E+00","-0,2767550826"
2018-12-15 00:00:00.000,0,0,0
2018-12-16 00:00:00.000,0,0,0
2018-12-17 00:00:00.000,"2,13E+00","2,41E+00","-0,2832585207"
2018-12-18 00:00:00.000,"2,08E+00","1,88E+00","0,1897190632"
2018-12-19 00:00:00.000,"1,59E+00","1,87E+00","-0,2806220364"
2018-12-20 00:00:00.000,"2,24E+00","2,34E+00","-0,1067733614"
2018-12-21 00:00:00.000,"2,91E+00","1,83E+00","1,079275595"
2018-12-22 00:00:00.000,0,0,0
2018-12-23 00:00:00.000,0,0,0
2018-12-24 00:00:00.000,"2,46E+00","2,67E+00","-0,2182610763"
2018-12-25 00:00:00.000,"2,96E+00","2,99E+00","-0,01691692311"
2018-12-26 00:00:00.000,"2,88E+00","2,41E+00","0,4651567292"
2018-12-27 00:00:00.000,"3,71E+00","3,37E+00","0,3365246119"
2018-12-28 00:00:00.000,"3,87E+00","3,16E+00","0,7098058183"
2018-12-29 00:00:00.000,"2,33E+00","2,24E+00","0,09657344881"
2018-12-30 00:00:00.000,"0,006266927319","0,04026008823","-0,03399316091"
2018-12-31 00:00:00.000,"0,003635527365","0,0000004623359622","0,003635065029"
2019-01-01 00:00:00.000,0,0,0
2019-01-02 00:00:00.000,0,0,0
2019-01-03 00:00:00.000,"0,01818247711","0,07794543213","-0,05976295503"
2019-01-04 00:00:00.000,"0,007365565937","0,0009124851698","0,006453080767"
2019-01-05 00:00:00.000,0,0,0
2019-01-06 00:00:00.000,"0,009218967539","0,06199711959","-0,05277815206"
2019-01-07 00:00:00.000,0,0,0
2019-01-08 00:00:00.000,"0,006095640889","0,001897445384","0,004198195505"
2019-01-09 00:00:00.000,"1,69E+00","2,20E+00","-0,5157247685"
2019-01-10 00:00:00.000,"1,98E+00","1,79E+00","0,1866694377"
2019-01-11 00:00:00.000,"2,01E+00","1,53E+00","0,487359309"
2019-01-12 00:00:00.000,0,0,0
2019-01-13 00:00:00.000,0,0,0
2019-01-14 00:00:00.000,"1,78E+00","1,79E+00","-0,008353478395"
2019-01-15 00:00:00.000,"2,16E+00","1,59E+00","0,5656009328"
2019-01-16 00:00:00.000,"1,225853064","1,98E+00","-0,7531341927"
2019-01-17 00:00:00.000,"1,49E+00","1,304974738","0,1870616931"
2019-01-18 00:00:00.000,"1,49E+00","1,47E+00","0,01181005066"
2019-01-19 00:00:00.000,0,0,0
2019-01-20 00:00:00.000,0,0,0
2019-01-21 00:00:00.000,"1,83E+00","1,86E+00","-0,03365791406"
2019-01-22 00:00:00.000,"2,40E+00","1,79E+00","0,6060090525"
2019-01-23 00:00:00.000,"1,47E+00","1,206383781","0,267173694"
2019-01-24 00:00:00.000,"1,29307876","1,59E+00","-0,3014621841"
2019-01-25 00:00:00.000,"1,96E+00","2,04E+00","-0,08028111562"
2019-01-26 00:00:00.000,0,0,0
2019-01-27 00:00:00.000,0,0,0
2019-01-28 00:00:00.000,"1,65E+00","2,00E+00","-0,3526325747"
2019-01-29 00:00:00.000,"1,50E+00","1,41E+00","0,09417661263"
2019-01-30 00:00:00.000,"1,70E+00","1,53E+00","0,1693573213"
2019-01-31 00:00:00.000,"1,75E+00","1,62E+00","0,1339284201"
2019-02-01 00:00:00.000,"1,57E+00","1,62E+00","-0,05228170103"
2019-02-02 00:00:00.000,0,0,0
2019-02-03 00:00:00.000,0,0,0
2019-02-04 00:00:00.000,"1,53E+00","2,67E+00","-1,146304366"
2019-02-05 00:00:00.000,"1,42E+00","1,44E+00","-0,01113695974"
2019-02-06 00:00:00.000,"1,34E+00","1,34E+00","0,008880235898"
2019-02-07 00:00:00.000,"1,47E+00","1,32E+00","0,1551528057"
2019-02-08 00:00:00.000,"1,65E+00","1,33E+00","0,3186062004"
2019-02-09 00:00:00.000,0,0,0
2019-02-10 00:00:00.000,0,0,0
2019-02-11 00:00:00.000,"1,59E+00","1,79E+00","-0,2012409639"
2019-02-12 00:00:00.000,"2,51E+00","1,59E+00","0,924994566"
2019-02-13 00:00:00.000,"1,66E+00","1,47E+00","0,1959757757"
2019-02-14 00:00:00.000,"1,86E+00","1,47E+00","0,3868328144"
2019-02-15 00:00:00.000,"1,82E+00","1,78E+00","0,03706315075"
2019-02-16 00:00:00.000,0,0,0
2019-02-17 00:00:00.000,0,0,0
2019-02-18 00:00:00.000,"1,59E+00","2,17E+00","-0,579512966"
2019-02-19 00:00:00.000,"1,34E+00","1,206499495","0,1316148745"
2019-02-20 00:00:00.000,"1,94E+00","1,44E+00","0,4959178522"
2019-02-21 00:00:00.000,"1,83E+00","1,87E+00","-0,03526479926"
2019-02-22 00:00:00.000,"1,76E+00","2,51E+00","-0,7478045557"
2019-02-23 00:00:00.000,0,0,0
2019-02-24 00:00:00.000,0,0,0
2019-02-25 00:00:00.000,"2,03E+00","2,59E+00","-0,5673445258"
2019-02-26 00:00:00.000,"1,96E+00","1,72E+00","0,2397075066"
2019-02-27 00:00:00.000,"1,70E+00","1,75E+00","-0,05079179052"
2019-02-28 00:00:00.000,"2,46E+00","1,94E+00","0,5209887696"
2019-03-01 00:00:00.000,"1,70E+00","1,54E+00","0,1593501452"
2019-03-02 00:00:00.000,0,0,0
2019-03-03 00:00:00.000,0,0,0
2019-03-04 00:00:00.000,"1,55E+00","1,99E+00","-0,4385532152"
2019-03-05 00:00:00.000,"1,61E+00","1,86E+00","-0,2499061027"
2019-03-06 00:00:00.000,"1,51E+00","1,234460887","0,2753831526"
2019-03-07 00:00:00.000,"1,75E+00","1,55E+00","0,1956970591"
2019-03-08 00:00:00.000,0,0,0
2019-03-09 00:00:00.000,0,0,0
2019-03-10 00:00:00.000,0,0,0
2019-03-11 00:00:00.000,"2,12E+00","1,91E+00","0,2129479085"
2019-03-12 00:00:00.000,"2,63E+00","2,99E+00","-0,362457289"
2019-03-13 00:00:00.000,"1,51E+00","1,80E+00","-0,2872557379"
2019-03-14 00:00:00.000,"1,72E+00","1,45E+00","0,2837458581"
2019-03-15 00:00:00.000,"1,65E+00","1,69E+00","-0,03256291701"
2019-03-16 00:00:00.000,0,0,0
2019-03-17 00:00:00.000,0,0,0
2019-03-18 00:00:00.000,"1,69E+00","1,83E+00","-0,1527995135"
2019-03-19 00:00:00.000,"1,41E+00","1,50E+00","-0,09528013939"
2019-03-20 00:00:00.000,"1,38E+00","1,71E+00","-0,3293227649"
2019-03-21 00:00:00.000,"2,05E+00","1,87E+00","0,1777199371"
2019-03-22 00:00:00.000,"1,260321624","1,71E+00","-0,4569425135"
2019-03-23 00:00:00.000,0,0,0
2019-03-24 00:00:00.000,0,0,0
2019-03-25 00:00:00.000,"2,33E+00","2,99E+00","-0,6506686485"
2019-03-26 00:00:00.000,"1,313345352","1,66E+00","-0,3465657593"
2019-03-27 00:00:00.000,"1,72E+00","1,54E+00","0,1934407016"
2019-03-28 00:00:00.000,"2,04E+00","2,26E+00","-0,2228700868"
2019-03-29 00:00:00.000,"3,09E+00","2,01E+00","1,08194226"
2019-03-30 00:00:00.000,0,0,0
2019-03-31 00:00:00.000,0,0,0
2019-04-01 00:00:00.000,"1,47E+00","3,13E+00","-1,66E+00"
2019-04-02 00:00:00.000,"1,254440685","1,50E+00","-0,2503199934"
2019-04-03 00:00:00.000,"1,58E+00","1,38E+00","0,1954575298"
2019-04-04 00:00:00.000,"1,80E+00","1,98E+00","-0,1734304525"
2019-04-05 00:00:00.000,"2,16E+00","1,45E+00","0,7087622109"
2019-04-06 00:00:00.000,0,0,0
2019-04-07 00:00:00.000,0,0,0
2019-04-08 00:00:00.000,"1,69E+00","1,79E+00","-0,09891806109"
2019-04-09 00:00:00.000,"1,72E+00","1,63E+00","0,09065800074"
2019-04-10 00:00:00.000,"1,86E+00","1,237422323","0,620116265"
2019-04-11 00:00:00.000,"1,36E+00","1,44E+00","-0,07920856504"
2019-04-12 00:00:00.000,"1,87E+00","1,69E+00","0,1849544908"
2019-04-13 00:00:00.000,0,0,0
2019-04-14 00:00:00.000,0,0,0
2019-04-15 00:00:00.000,"1,90E+00","1,98E+00","-0,0871265972"
2019-04-16 00:00:00.000,"1,41E+00","1,38E+00","0,02684660474"
2019-04-17 00:00:00.000,"1,223345148","1,50E+00","-0,2817807087"
2019-04-18 00:00:00.000,"1,63E+00","1,79E+00","-0,1534347755"
2019-04-19 00:00:00.000,"1,84E+00","1,95E+00","-0,1046584143"
2019-04-20 00:00:00.000,0,0,0
2019-04-21 00:00:00.000,0,0,0
2019-04-22 00:00:00.000,"2,19E+00","1,79E+00","0,3932488966"
2019-04-23 00:00:00.000,"2,24E+00","1,75E+00","0,4938895632"
2019-04-24 00:00:00.000,"1,72E+00","1,80E+00","-0,06983370061"
2019-04-25 00:00:00.000,"2,08E+00","3,07E+00","-0,9814275858"
2019-04-26 00:00:00.000,"1,62E+00","2,03E+00","-0,4028313729"
2019-04-27 00:00:00.000,0,0,0
2019-04-28 00:00:00.000,0,0,0
2019-04-29 00:00:00.000,"2,49E+00","2,65E+00","-0,1591645465"
2019-04-30 00:00:00.000,"2,24E+00","2,04E+00","0,1957162149"
2019-05-01 00:00:00.000,0,0,0
2019-05-02 00:00:00.000,0,0,0
2019-05-03 00:00:00.000,0,0,0
2019-05-04 00:00:00.000,0,0,0
2019-05-05 00:00:00.000,0,0,0
2019-05-06 00:00:00.000,"1,70E+00","2,25E+00","-0,5458754998"
2019-05-07 00:00:00.000,"2,82E+00","1,67E+00","1,15360421"
2019-05-08 00:00:00.000,"1,67E+00","1,46E+00","0,2093737066"
2019-05-09 00:00:00.000,0,0,0
2019-05-10 00:00:00.000,0,0,0
2019-05-11 00:00:00.000,0,0,0
2019-05-12 00:00:00.000,0,0,0
2019-05-13 00:00:00.000,"2,28E+00","2,00E+00","0,2811458882"
2019-05-14 00:00:00.000,"1,99E+00","1,79E+00","0,1950744469"
2019-05-15 00:00:00.000,"1,75E+00","1,67E+00","0,08181155151"
2019-05-16 00:00:00.000,"1,80E+00","1,82E+00","-0,008471007694"
2019-05-17 00:00:00.000,"1,47E+00","1,83E+00","-0,361783311"
2019-05-18 00:00:00.000,0,0,0
2019-05-19 00:00:00.000,0,0,0
2019-05-20 00:00:00.000,"1,78E+00","1,98E+00","-0,1988767149"
2019-05-21 00:00:00.000,"1,88E+00","1,69E+00","0,2019876415"
2019-05-22 00:00:00.000,"1,57E+00","1,46E+00","0,1079703673"
2019-05-23 00:00:00.000,"1,54E+00","1,42E+00","0,1205795151"
2019-05-24 00:00:00.000,"1,69E+00","1,84E+00","-0,1568415598"
2019-05-25 00:00:00.000,0,0,0
2019-05-26 00:00:00.000,0,0,0
2019-05-27 00:00:00.000,"1,90E+00","2,50E+00","-0,6057732263"
2019-05-28 00:00:00.000,"1,76E+00","2,11E+00","-0,3437037922"
2019-05-29 00:00:00.000,"1,42E+00","1,96E+00","-0,53593334"
2019-05-30 00:00:00.000,"1,84E+00","2,24E+00","-0,406635379"
2019-05-31 00:00:00.000,"1,83E+00","2,08E+00","-0,2491888973"
2019-06-01 00:00:00.000,0,0,0
2019-06-02 00:00:00.000,0,0,0
2019-06-03 00:00:00.000,"1,66E+00","2,12E+00","-0,4623967529"
2019-06-04 00:00:00.000,"1,59E+00","2,00E+00","-0,399752368"
2019-06-05 00:00:00.000,"1,55E+00","1,83E+00","-0,2706785604"
2019-06-06 00:00:00.000,"1,42E+00","1,91E+00","-0,4888117352"
2019-06-07 00:00:00.000,"1,76E+00","2,23E+00","-0,455982616"
2019-06-08 00:00:00.000,0,0,0
2019-06-09 00:00:00.000,0,0,0
2019-06-10 00:00:00.000,"2,01E+00","2,29E+00","-0,2669776344"
2019-06-11 00:00:00.000,"1,80E+00","2,03E+00","-0,2270116042"
2019-06-12 00:00:00.000,0,0,0
2019-06-13 00:00:00.000,"1,98E+00","2,19E+00","-0,2125402482"
2019-06-14 00:00:00.000,"1,91E+00","2,44E+00","-0,5358284562"
2019-06-15 00:00:00.000,0,0,0
2019-06-16 00:00:00.000,0,0,0
2019-06-17 00:00:00.000,"1,75E+00","2,36E+00","-0,5975843375"
2019-06-18 00:00:00.000,"1,42E+00","1,98E+00","-0,5506286615"
2019-06-19 00:00:00.000,"1,41E+00","1,83E+00","-0,4203168483"
2019-06-20 00:00:00.000,"1,58E+00","1,83E+00","-0,2521607654"
2019-06-21 00:00:00.000,"1,87E+00","2,37E+00","-0,4959197069"
2019-06-22 00:00:00.000,0,0,0
2019-06-23 00:00:00.000,0,0,0
2019-06-24 00:00:00.000,"1,61E+00","2,26E+00","-0,6544248208"
2019-06-25 00:00:00.000,"1,98E+00","2,37E+00","-0,3921347699"
2019-06-26 00:00:00.000,"1,69E+00","2,16E+00","-0,4759828667"
2019-06-27 00:00:00.000,"2,29E+00","2,32E+00","-0,03251580676"
2019-06-28 00:00:00.000,"2,73E+00","2,50E+00","0,229021836"
2019-06-29 00:00:00.000,0,0,0
2019-06-30 00:00:00.000,0,0,0
2019-07-01 00:00:00.000,"1,75E+00","2,36E+00","-0,6074640217"
2019-07-02 00:00:00.000,"1,54E+00","1,87E+00","-0,3277686243"
2019-07-03 00:00:00.000,"1,246617278","1,84E+00","-0,5917871667"
2019-07-04 00:00:00.000,"2,01E+00","2,29E+00","-0,2751980045"
2019-07-05 00:00:00.000,"1,69E+00","2,09E+00","-0,4043886605"
2019-07-06 00:00:00.000,0,0,0
2019-07-07 00:00:00.000,0,0,0
2019-07-08 00:00:00.000,"1,74E+00","2,15E+00","-0,4070406849"
2019-07-09 00:00:00.000,"1,49E+00","1,80E+00","-0,3138787206"
2019-07-10 00:00:00.000,"1,50E+00","1,69E+00","-0,1959545072"
2019-07-11 00:00:00.000,"1,50E+00","1,79E+00","-0,288535793"
2019-07-12 00:00:00.000,"1,75E+00","1,98E+00","-0,2215977572"
2019-07-13 00:00:00.000,0,0,0
2019-07-14 00:00:00.000,0,0,0
2019-07-15 00:00:00.000,"2,11E+00","1,87E+00","0,237828945"
2019-07-16 00:00:00.000,"1,49E+00","1,51E+00","-0,02864965486"
2019-07-17 00:00:00.000,"1,47E+00","1,37E+00","0,1137064307"
2019-07-18 00:00:00.000,"1,87E+00","1,70E+00","0,1667911665"
2019-07-19 00:00:00.000,"1,67E+00","1,66E+00","0,01163734958"
2019-07-20 00:00:00.000,0,0,0
2019-07-21 00:00:00.000,0,0,0
2019-07-22 00:00:00.000,"1,53E+00","1,88E+00","-0,3474083504"
2019-07-23 00:00:00.000,"1,45E+00","1,69E+00","-0,2241746161"
2019-07-24 00:00:00.000,"1,34E+00","1,90E+00","-0,5517315358"
2019-07-25 00:00:00.000,"1,71E+00","2,38E+00","-0,6783698655"
2019-07-26 00:00:00.000,"1,55E+00","2,15E+00","-0,5861913045"
2019-07-27 00:00:00.000,0,0,0
2019-07-28 00:00:00.000,0,0,0
2019-07-29 00:00:00.000,"1,84E+00","3,05E+00","-1,216072909"
2019-07-30 00:00:00.000,"1,66E+00","2,26E+00","-0,6001563628"
2019-07-31 00:00:00.000,"1,65E+00","2,07E+00","-0,4186852476"
2019-08-01 00:00:00.000,"1,65E+00","1,83E+00","-0,1847795069"
2019-08-02 00:00:00.000,"1,316432743","1,91E+00","-0,5935716476"
2019-08-03 00:00:00.000,0,0,0
2019-08-04 00:00:00.000,0,0,0
2019-08-05 00:00:00.000,"2,70E+00","2,15E+00","0,5499987843"
2019-08-06 00:00:00.000,"1,74E+00","1,94E+00","-0,2028723908"
2019-08-07 00:00:00.000,"1,70E+00","1,83E+00","-0,1229402565"
2019-08-08 00:00:00.000,"1,95E+00","2,40E+00","-0,4428279058"
2019-08-09 00:00:00.000,"1,98E+00","2,32E+00","-0,3470590756"
2019-08-10 00:00:00.000,0,0,0
2019-08-11 00:00:00.000,0,0,0
2019-08-12 00:00:00.000,"1,90E+00","1,88E+00","0,005455755588"
2019-08-13 00:00:00.000,"1,69E+00","1,79E+00","-0,1111976"
2019-08-14 00:00:00.000,"1,44E+00","1,53E+00","-0,09193767148"
2019-08-15 00:00:00.000,"1,65E+00","1,79E+00","-0,1446847629"
2019-08-16 00:00:00.000,"1,55E+00","1,59E+00","-0,03802132135"
2019-08-17 00:00:00.000,0,0,0
2019-08-18 00:00:00.000,0,0,0
2019-08-19 00:00:00.000,"1,54E+00","1,69E+00","-0,140810636"
2019-08-20 00:00:00.000,"1,54E+00","1,51E+00","0,03276825465"
2019-08-21 00:00:00.000,"1,37E+00","1,188265698","0,1870716325"
2019-08-22 00:00:00.000,"2,11E+00","1,72E+00","0,3771452342"
2019-08-23 00:00:00.000,"1,74E+00","1,58E+00","0,1568934156"
2019-08-24 00:00:00.000,0,0,0
2019-08-25 00:00:00.000,"0,000002328666488",0,"0,000002328666488"
2019-08-26 00:00:00.000,"1,67E+00","2,08E+00","-0,4166632439"
2019-08-27 00:00:00.000,"1,59E+00","1,45E+00","0,141979545"
2019-08-28 00:00:00.000,"1,47E+00","1,40E+00","0,07436859905"
2019-08-29 00:00:00.000,"1,63E+00","1,40E+00","0,2304740788"
2019-08-30 00:00:00.000,"1,76E+00","1,61E+00","0,1516534525"
2019-08-31 00:00:00.000,"0,00001342703775",0,"0,00001342703775"
2019-09-01 00:00:00.000,0,"0,0006408578208","-0,0006408578208"
2019-09-02 00:00:00.000,"1,44E+00","1,63E+00","-0,1964471525"
2019-09-03 00:00:00.000,"1,72E+00","1,38E+00","0,3380426929"
2019-09-04 00:00:00.000,"1,41E+00","1,263014462","0,143330459"
2019-09-05 00:00:00.000,"2,78E+00","1,37E+00","1,41E+00"
2019-09-06 00:00:00.000,"1,34E+00","1,45E+00","-0,1085609161"
2019-09-07 00:00:00.000,0,0,0
2019-09-08 00:00:00.000,0,0,0
2019-09-09 00:00:00.000,"1,53E+00","1,70E+00","-0,1768997884"
2019-09-10 00:00:00.000,"1,82E+00","1,311035626","0,512145181"
2019-09-11 00:00:00.000,"1,144439597","1,227490133","-0,08305053515"
2019-09-12 00:00:00.000,"2,15E+00","1,38E+00","0,7676420667"
2019-09-13 00:00:00.000,"1,65E+00","1,47E+00","0,1714829327"
2019-09-14 00:00:00.000,0,0,0
2019-09-15 00:00:00.000,0,0,0
2019-09-16 00:00:00.000,"1,42E+00","1,78E+00","-0,3583145184"
2019-09-17 00:00:00.000,"1,36E+00","1,33E+00","0,02121157488"
2019-09-18 00:00:00.000,"1,38E+00","1,42E+00","-0,04271667253"
2019-09-19 00:00:00.000,"1,87E+00","1,36E+00","0,5185649105"
2019-09-20 00:00:00.000,"1,74E+00","1,67E+00","0,05936286731"
2019-09-21 00:00:00.000,0,0,0
2019-09-22 00:00:00.000,0,0,0
2019-09-23 00:00:00.000,"1,55E+00","1,91E+00","-0,3535669179"
2019-09-24 00:00:00.000,"1,91E+00","1,51E+00","0,4027536914"
2019-09-25 00:00:00.000,"1,69E+00","1,98E+00","-0,2910177154"
2019-09-26 00:00:00.000,"1,82E+00","1,78E+00","0,03341782372"
2019-09-27 00:00:00.000,"1,84E+00","1,78E+00","0,06427873064"
2019-09-28 00:00:00.000,0,0,0
2019-09-29 00:00:00.000,"0,000003929316756",0,"0,000003929316756"
2019-09-30 00:00:00.000,"2,08E+00","2,07E+00","0,01005202914"
2019-10-01 00:00:00.000,"1,53E+00","1,67E+00","-0,1438848416"
2019-10-02 00:00:00.000,"1,40E+00","1,41E+00","-0,001976342889"
2019-10-03 00:00:00.000,"1,36E+00","1,222814034","0,1340943337"
2019-10-04 00:00:00.000,"1,59E+00","1,49E+00","0,1126658841"
2019-10-05 00:00:00.000,0,0,0
2019-10-06 00:00:00.000,"0,0005728044408",0,"0,0005728044408"
2019-10-07 00:00:00.000,"1,67E+00","1,83E+00","-0,1576182335"
2019-10-08 00:00:00.000,"1,57E+00","1,50E+00","0,06873475439"
2019-10-09 00:00:00.000,"1,50E+00","1,36E+00","0,1451920768"
2019-10-10 00:00:00.000,"1,90E+00","1,59E+00","0,3043400532"
2019-10-11 00:00:00.000,"1,61E+00","1,38E+00","0,2229896598"
2019-10-12 00:00:00.000,0,0,0
2019-10-13 00:00:00.000,0,0,0
2019-10-14 00:00:00.000,"2,05E+00","1,88E+00","0,1773592227"
2019-10-15 00:00:00.000,"1,78E+00","1,51E+00","0,2611553842"
2019-10-16 00:00:00.000,"1,36E+00","1,24620304","0,113778388"
2019-10-17 00:00:00.000,"1,67E+00","1,63E+00","0,03032859802"
2019-10-18 00:00:00.000,"1,67E+00","1,59E+00","0,07780354397"
2019-10-19 00:00:00.000,0,0,0
2019-10-20 00:00:00.000,0,0,0
2019-10-21 00:00:00.000,"1,78E+00","2,33E+00","-0,5488158962"
2019-10-22 00:00:00.000,"1,53E+00","1,42E+00","0,1001974913"
2019-10-23 00:00:00.000,"1,289599097","1,44E+00","-0,1440355736"
2019-10-24 00:00:00.000,"1,45E+00","1,65E+00","-0,1926095296"
2019-10-25 00:00:00.000,"1,65E+00","1,91E+00","-0,2674153231"
2019-10-26 00:00:00.000,0,0,0
2019-10-27 00:00:00.000,0,0,0
2019-10-28 00:00:00.000,"1,61E+00","1,98E+00","-0,360269163"
2019-10-29 00:00:00.000,"1,62E+00","1,66E+00","-0,03445347309"
2019-10-30 00:00:00.000,"1,59E+00","1,45E+00","0,141121698"
2019-10-31 00:00:00.000,"2,17E+00","1,76E+00","0,3998645505"
2019-11-01 00:00:00.000,"1,76E+00","1,66E+00","0,1082933313"
2019-11-02 00:00:00.000,0,"0,0001704688862","-0,0001704688862"
2019-11-03 00:00:00.000,0,"0,00004267412317","-0,00004267412317"
2019-11-04 00:00:00.000,0,"0,0000002884219421","-0,0000002884219421"
2019-11-05 00:00:00.000,"1,78E+00","2,01E+00","-0,2278284317"
2019-11-06 00:00:00.000,"1,65E+00","1,83E+00","-0,1795768248"
2019-11-07 00:00:00.000,"1,87E+00","1,79E+00","0,08612059654"
2019-11-08 00:00:00.000,"1,96E+00","1,78E+00","0,1865235827"
2019-11-09 00:00:00.000,0,0,0
2019-11-10 00:00:00.000,0,0,0
2019-11-11 00:00:00.000,"1,71E+00","1,74E+00","-0,03480111947"
2019-11-12 00:00:00.000,"1,45E+00","1,83E+00","-0,3784509296"
2019-11-13 00:00:00.000,"1,49E+00","1,51E+00","-0,02723128827"
2019-11-14 00:00:00.000,"1,54E+00","1,54E+00","0,009011659282"
2019-11-15 00:00:00.000,"1,69E+00","1,70E+00","-0,01603762247"
2019-11-16 00:00:00.000,0,0,0
2019-11-17 00:00:00.000,0,0,0
2019-11-18 00:00:00.000,"1,86E+00","2,30E+00","-0,4569965414"
2019-11-19 00:00:00.000,"1,70E+00","1,47E+00","0,233255551"
2019-11-20 00:00:00.000,"1,42E+00","1,289460395","0,1284976272"
2019-11-21 00:00:00.000,"1,37E+00","1,33E+00","0,03837807564"
2019-11-22 00:00:00.000,"1,126113038","1,44E+00","-0,3105750353"
2019-11-23 00:00:00.000,0,0,0
2019-11-24 00:00:00.000,0,0,0
2019-11-25 00:00:00.000,"1,74E+00","1,99E+00","-0,2490892449"
2019-11-26 00:00:00.000,"1,179027889","1,45E+00","-0,272399467"
2019-11-27 00:00:00.000,"1,82E+00","1,36E+00","0,4592649622"
2019-11-28 00:00:00.000,"1,37E+00","1,58E+00","-0,2207016837"
2019-11-29 00:00:00.000,"1,86E+00","1,75E+00","0,09746681968"
2019-11-30 00:00:00.000,0,0,0
2019-12-01 00:00:00.000,0,0,0
2019-12-02 00:00:00.000,"1,141184227","1,67E+00","-0,5308469093"
2019-12-03 00:00:00.000,"1,014251924","1,33E+00","-0,3196901518"
2019-12-04 00:00:00.000,"1,167866787","1,262847263","-0,09498047598"
2019-12-05 00:00:00.000,"1,70E+00","1,47E+00","0,2244332931"
2019-12-06 00:00:00.000,"1,099556083","1,49E+00","-0,3882360056"
2019-12-07 00:00:00.000,0,0,0
2019-12-08 00:00:00.000,0,0,0
2019-12-09 00:00:00.000,"1,50E+00","1,74E+00","-0,229453489"
2019-12-10 00:00:00.000,"1,282029399","1,54E+00","-0,2569429089"
2019-12-11 00:00:00.000,"1,57E+00","1,65E+00","-0,07767456157"
2019-12-12 00:00:00.000,"1,45E+00","1,50E+00","-0,04562030356"
2019-12-13 00:00:00.000,"1,301444718","1,71E+00","-0,4054331314"
2019-12-14 00:00:00.000,0,0,0
2019-12-15 00:00:00.000,0,0,0
2019-12-16 00:00:00.000,"1,315813134","1,99E+00","-0,676290521"
2019-12-17 00:00:00.000,"1,70E+00","1,50E+00","0,2067856046"
2019-12-18 00:00:00.000,"1,57E+00","1,65E+00","-0,08111276325"
2019-12-19 00:00:00.000,"1,65E+00","1,69E+00","-0,0437701991"
2019-12-20 00:00:00.000,"1,63E+00","1,88E+00","-0,2484858266"
2019-12-21 00:00:00.000,0,0,0
2019-12-22 00:00:00.000,0,0,0
2019-12-23 00:00:00.000,"2,17E+00","2,25E+00","-0,08001930337"
2019-12-24 00:00:00.000,"2,94E+00","1,95E+00","0,9956462539"
2019-12-25 00:00:00.000,"2,11E+00","2,25E+00","-0,1466673748"
2019-12-26 00:00:00.000,"2,95E+00","2,32E+00","0,6365094222"
2019-12-27 00:00:00.000,"2,95E+00","2,73E+00","0,2240043735"
2019-12-28 00:00:00.000,"0,1037869333","0,0009590226741","0,1028279106"
2019-12-29 00:00:00.000,"0,001233806014","0,0001262043839","0,00110760163"
2019-12-30 00:00:00.000,"2,70E+00","3,66E+00","-0,9666158469"
2019-12-31 00:00:00.000,"1,035652152","1,45E+00","-0,4113377304"
2020-01-01 00:00:00.000,0,0,0
2020-01-02 00:00:00.000,0,"0,00002015317095","-0,00002015317095"
2020-01-03 00:00:00.000,"0,0190420464","0,1010805262","-0,08203847984"
2020-01-04 00:00:00.000,0,"0,0000001185025099","-0,0000001185025099"
2020-01-05 00:00:00.000,0,0,0
2020-01-06 00:00:00.000,"0,01708504066","0,1016544959","-0,08456945521"
2020-01-07 00:00:00.000,0,0,0
2020-01-08 00:00:00.000,"0,006048744441","0,006876688861","-0,0008279444194"
2020-01-09 00:00:00.000,"1,84E+00","2,26E+00","-0,4226454751"
2020-01-10 00:00:00.000,"1,80E+00","1,49E+00","0,3215791692"
2020-01-11 00:00:00.000,0,0,0
2020-01-12 00:00:00.000,0,"0,000002160248087","-0,000002160248087"
2020-01-13 00:00:00.000,"1,69E+00","1,86E+00","-0,1739709609"
2020-01-14 00:00:00.000,"1,57E+00","1,74E+00","-0,1684094011"
2020-01-15 00:00:00.000,"1,67E+00","1,54E+00","0,1247630053"
2020-01-16 00:00:00.000,"1,49E+00","1,42E+00","0,06512923847"
2020-01-17 00:00:00.000,"1,046938296","1,42E+00","-0,3791543654"
2020-01-18 00:00:00.000,0,0,0
2020-01-19 00:00:00.000,0,0,0
2020-01-20 00:00:00.000,"1,275346772","1,84E+00","-0,574235471"
2020-01-21 00:00:00.000,"1,67E+00","1,45E+00","0,2258344318"
2020-01-22 00:00:00.000,"1,018459088","1,304575893","-0,2861168047"
2020-01-23 00:00:00.000,"1,226750489","1,283767323","-0,05701683449"
2020-01-24 00:00:00.000,"1,124322219","1,49E+00","-0,3587523333"
2020-01-25 00:00:00.000,0,0,0
2020-01-26 00:00:00.000,0,0,0
2020-01-27 00:00:00.000,"2,09E+00","3,27E+00","-1,174608193"
2020-01-28 00:00:00.000,"1,75E+00","2,24E+00","-0,4917024588"
2020-01-29 00:00:00.000,"1,42E+00","1,38E+00","0,04047589198"
2020-01-30 00:00:00.000,"1,38E+00","1,75E+00","-0,367793386"
2020-01-31 00:00:00.000,"1,69E+00","1,58E+00","0,1060595321"
2020-02-01 00:00:00.000,0,0,0
2020-02-02 00:00:00.000,0,0,0
2020-02-03 00:00:00.000,"1,198698585","1,71E+00","-0,5190350603"
2020-02-04 00:00:00.000,"1,42E+00","1,38E+00","0,03193731331"
2020-02-05 00:00:00.000,"1,53E+00","1,41E+00","0,1069595151"
2020-02-06 00:00:00.000,"1,46E+00","1,41E+00","0,04678508656"
2020-02-07 00:00:00.000,"1,87E+00","1,37E+00","0,4984655019"
2020-02-08 00:00:00.000,0,0,0
2020-02-09 00:00:00.000,0,0,0
2020-02-10 00:00:00.000,"1,80E+00","1,92E+00","-0,1205693894"
2020-02-11 00:00:00.000,"1,189377738","1,55E+00","-0,3634972479"
2020-02-12 00:00:00.000,"1,49E+00","1,270606129","0,2197160382"
2020-02-13 00:00:00.000,"1,71E+00","1,40E+00","0,3098642379"
2020-02-14 00:00:00.000,"1,65E+00","1,55E+00","0,08892390113"
2020-02-15 00:00:00.000,0,0,0
2020-02-16 00:00:00.000,0,0,0
2020-02-17 00:00:00.000,"1,54E+00","1,87E+00","-0,32306263"
2020-02-18 00:00:00.000,"1,34E+00","1,44E+00","-0,0923487494"
2020-02-19 00:00:00.000,"1,116499963","1,275660011","-0,1591600473"
2020-02-20 00:00:00.000,"1,74E+00","1,40E+00","0,3383190008"
2020-02-21 00:00:00.000,"1,38E+00","1,58E+00","-0,1999560715"
2020-02-22 00:00:00.000,0,0,0
2020-02-23 00:00:00.000,0,0,0
2020-02-24 00:00:00.000,0,"0,0000003546516782","-0,0000003546516782"
2020-02-25 00:00:00.000,"1,99E+00","2,40E+00","-0,4037286027"
2020-02-26 00:00:00.000,"1,38E+00","1,67E+00","-0,2934106048"
2020-02-27 00:00:00.000,"1,94E+00","2,05E+00","-0,1128471476"
2020-02-28 00:00:00.000,"1,88E+00","1,83E+00","0,06166364143"
2020-02-29 00:00:00.000,0,0,0
2020-03-01 00:00:00.000,0,0,0
2020-03-02 00:00:00.000,"1,61E+00","1,91E+00","-0,3040550908"
2020-03-03 00:00:00.000,"1,47E+00","1,45E+00","0,02917206238"
2020-03-04 00:00:00.000,"1,36E+00","1,33E+00","0,0171030969"
2020-03-05 00:00:00.000,"1,78E+00","1,54E+00","0,2403429819"
2020-03-06 00:00:00.000,"1,217858074","1,50E+00","-0,2811547502"
2020-03-07 00:00:00.000,0,0,0
2020-03-08 00:00:00.000,0,0,0
2020-03-09 00:00:00.000,0,"0,000000004608430939","-0,000000004608430939"
2020-03-10 00:00:00.000,"2,12E+00","2,28E+00","-0,1605815885"
2020-03-11 00:00:00.000,"1,82E+00","1,70E+00","0,116902894"
2020-03-12 00:00:00.000,"1,49E+00","1,46E+00","0,03083111936"
2020-03-13 00:00:00.000,"1,82E+00","1,65E+00","0,1744213601"
2020-03-14 00:00:00.000,0,0,0
2020-03-15 00:00:00.000,0,0,0
2020-03-16 00:00:00.000,"1,67E+00","1,99E+00","-0,306649126"
2020-03-17 00:00:00.000,"1,40E+00","1,57E+00","-0,1724498401"
2020-03-18 00:00:00.000,"1,176716099","1,42E+00","-0,2517503203"
2020-03-19 00:00:00.000,"1,42E+00","1,55E+00","-0,1308155279"
2020-03-20 00:00:00.000,"1,70E+00","1,76E+00","-0,06684646371"
2020-03-21 00:00:00.000,0,0,0
2020-03-22 00:00:00.000,0,0,0
2020-03-23 00:00:00.000,"1,71E+00","1,88E+00","-0,1741893726"
2020-03-24 00:00:00.000,"1,55E+00","1,61E+00","-0,06374615727"
2020-03-25 00:00:00.000,"1,66E+00","1,80E+00","-0,1501383952"
2020-03-26 00:00:00.000,"2,09E+00","2,26E+00","-0,165824019"
2020-03-27 00:00:00.000,"2,48E+00","2,61E+00","-0,119411932"
2020-03-28 00:00:00.000,0,0,0
2020-03-29 00:00:00.000,0,0,0
2020-03-30 00:00:00.000,"1,54E+00","2,04E+00","-0,5002646142"
2020-03-31 00:00:00.000,"1,01934685","1,25472259","-0,2353757398"
2020-04-01 00:00:00.000,"1,009377911","0,8710008564","0,1383770548"
2020-04-02 00:00:00.000,"0,9930555453","0,862086286","0,1309692593"
2020-04-03 00:00:00.000,"0,8169640229","0,9457886","-0,1288245771"
2020-04-04 00:00:00.000,0,0,0
2020-04-05 00:00:00.000,0,"0,00001279083174","-0,00001279083174"
2020-04-06 00:00:00.000,"1,44E+00","1,76E+00","-0,3291291617"
2020-04-07 00:00:00.000,"1,113124201","1,53E+00","-0,4089889525"
2020-04-08 00:00:00.000,"1,36E+00","1,244391673","0,1168257058"
2020-04-09 00:00:00.000,"1,47E+00","1,301908038","0,1685015751"
2020-04-10 00:00:00.000,"1,50E+00","1,49E+00","0,01202718015"
2020-04-11 00:00:00.000,"0,00360784797","0,009109958611","-0,00550211064"
2020-04-12 00:00:00.000,"0,002159822768","0,001000132071","0,001159690697"
2020-04-13 00:00:00.000,"1,245148156","1,40E+00","-0,153460331"
2020-04-14 00:00:00.000,"1,301842145","1,209478904","0,0923632409"
2020-04-15 00:00:00.000,"1,34E+00","1,41E+00","-0,07322047633"
2020-04-16 00:00:00.000,"1,015044611","1,172347712","-0,157303101"
2020-04-17 00:00:00.000,"1,180886697","1,245298245","-0,06441154751"
2020-04-18 00:00:00.000,"0,0003101354543","0,002703353914","-0,00239321846"
2020-04-19 00:00:00.000,0,"0,0000002208324555","-0,0000002208324555"
2020-04-20 00:00:00.000,"1,58E+00","1,74E+00","-0,1614098992"
2020-04-21 00:00:00.000,"1,107958056","1,190854362","-0,08289630573"
2020-04-22 00:00:00.000,"0,8413943496","1,003579606","-0,162185256"
2020-04-23 00:00:00.000,"0,9079570728","1,247198224","-0,339241151"
2020-04-24 00:00:00.000,"1,34E+00","1,36E+00","-0,01555719059"
2020-04-25 00:00:00.000,"0,001450744409","0,007474914961","-0,006024170551"
2020-04-26 00:00:00.000,0,0,0
2020-04-27 00:00:00.000,"1,46E+00","2,00E+00","-0,5426619129"
2020-04-28 00:00:00.000,"1,37E+00","1,41E+00","-0,03628357818"
2020-04-29 00:00:00.000,"1,59E+00","1,44E+00","0,151297997"
2020-04-30 00:00:00.000,"2,19E+00","1,90E+00","0,2871016186"
2020-05-01 00:00:00.000,0,0,0
2020-05-02 00:00:00.000,0,0,0
2020-05-03 00:00:00.000,0,0,0
2020-05-04 00:00:00.000,"0,03213770302","0,1296345449","-0,09749684189"
2020-05-05 00:00:00.000,"0,008368812827","0,001570398853","0,006798413974"
2020-05-06 00:00:00.000,"1,26272683","2,21E+00","-0,9534748961"
2020-05-07 00:00:00.000,"1,59E+00","1,36E+00","0,2430032826"
2020-05-08 00:00:00.000,"1,65E+00","1,58E+00","0,06552261963"
2020-05-09 00:00:00.000,0,0,0
2020-05-10 00:00:00.000,"0,003839069096","0,01122509506","-0,007386025965"
2020-05-11 00:00:00.000,0,"0,000008582215104","-0,000008582215104"
2020-05-12 00:00:00.000,"1,86E+00","2,09E+00","-0,23764588"
2020-05-13 00:00:00.000,"1,49E+00","1,37E+00","0,1145448868"
2020-05-14 00:00:00.000,"1,63E+00","1,61E+00","0,03617905004"
2020-05-15 00:00:00.000,"2,12E+00","1,80E+00","0,3118943466"
2020-05-16 00:00:00.000,"0,05296940336","0,009361785117","0,04360761825"
2020-05-17 00:00:00.000,"0,008871955813","0,0008676513854","0,008004304428"
2020-05-18 00:00:00.000,"1,46E+00","1,87E+00","-0,4048087632"
2020-05-19 00:00:00.000,"1,57E+00","1,42E+00","0,1511989189"
2020-05-20 00:00:00.000,"1,50E+00","1,50E+00","0,004294759199"
2020-05-21 00:00:00.000,"1,37E+00","1,45E+00","-0,07754178508"
2020-05-22 00:00:00.000,"1,065723561","1,51E+00","-0,4501313846"
2020-05-23 00:00:00.000,"0,005403917679","0,003126904467","0,002277013212"
2020-05-24 00:00:00.000,0,0,0
2020-05-25 00:00:00.000,"1,46E+00","1,66E+00","-0,1951921257"
2020-05-26 00:00:00.000,"0,9355654091","1,272311386","-0,3367459767"
2020-05-27 00:00:00.000,"1,116352684","1,53E+00","-0,4099739441"
2020-05-28 00:00:00.000,"1,69E+00","1,57E+00","0,1183265023"
2020-05-29 00:00:00.000,"1,62E+00","1,74E+00","-0,1126468088"
2020-05-30 00:00:00.000,"0,005026434391","0,004884788636","0,000141645755"
2020-05-31 00:00:00.000,0,0,0
2020-06-01 00:00:00.000,"1,46E+00","1,51E+00","-0,04847874682"
2020-06-02 00:00:00.000,"1,235114763","1,37E+00","-0,1304634029"
2020-06-03 00:00:00.000,"1,184956923","1,278288787","-0,09333186336"
2020-06-04 00:00:00.000,"1,53E+00","1,36E+00","0,1694217891"
2020-06-05 00:00:00.000,"1,76E+00","1,47E+00","0,2951908023"
2020-06-06 00:00:00.000,"0,001304441733","0,008269434042","-0,006964992309"
2020-06-07 00:00:00.000,0,0,0
2020-06-08 00:00:00.000,"1,50E+00","1,62E+00","-0,1182125673"
2020-06-09 00:00:00.000,"1,41E+00","2,88E+00","-1,47E+00"
2020-06-10 00:00:00.000,"1,87E+00","1,63E+00","0,2331368629"
2020-06-11 00:00:00.000,"2,38E+00","2,12E+00","0,2569832276"
2020-06-12 00:00:00.000,0,0,0
2020-06-13 00:00:00.000,0,0,0
2020-06-14 00:00:00.000,"0,002232605409","0,01947385417","-0,01724124875"
2020-06-15 00:00:00.000,"1,79E+00","2,21E+00","-0,4251687004"
2020-06-16 00:00:00.000,"1,47E+00","1,80E+00","-0,3356617236"
2020-06-17 00:00:00.000,"1,54E+00","1,46E+00","0,08699560925"
2020-06-18 00:00:00.000,"1,50E+00","1,55E+00","-0,0560767515"
2020-06-19 00:00:00.000,"1,57E+00","1,74E+00","-0,1732168352"
2020-06-20 00:00:00.000,"0,001188840641","0,02685587801","-0,02566703737"
2020-06-21 00:00:00.000,0,0,0
2020-06-22 00:00:00.000,"2,03E+00","2,28E+00","-0,2428429523"
2020-06-23 00:00:00.000,"1,67E+00","2,08E+00","-0,3989382733"
2020-06-24 00:00:00.000,0,0,0
2020-06-25 00:00:00.000,"2,36E+00","2,50E+00","-0,1410283358"
2020-06-26 00:00:00.000,"1,66E+00","2,24E+00","-0,584924952"
2020-06-27 00:00:00.000,"0,00139788139","0,01098204425","-0,009584162864"
2020-06-28 00:00:00.000,0,0,0
2020-06-29 00:00:00.000,"2,25E+00","2,33E+00","-0,07305684455"
2020-06-30 00:00:00.000,"2,37E+00","2,15E+00","0,2231802727"
2020-07-01 00:00:00.000,"0,00621832971","0,03525811024","-0,02903978053"
2020-07-02 00:00:00.000,"2,23E+00","2,54E+00","-0,3107576821"
2020-07-03 00:00:00.000,"2,08E+00","1,98E+00","0,1130284233"
2020-07-04 00:00:00.000,0,0,0
2020-07-05 00:00:00.000,0,0,0
2020-07-06 00:00:00.000,"1,84E+00","2,09E+00","-0,2551282376"
2020-07-07 00:00:00.000,"1,62E+00","1,46E+00","0,1499207812"
2020-07-08 00:00:00.000,"1,46E+00","1,44E+00","0,02501162438"
2020-07-09 00:00:00.000,"1,76E+00","1,65E+00","0,113202932"
2020-07-10 00:00:00.000,"1,96E+00","1,79E+00","0,1782888409"
2020-07-11 00:00:00.000,0,"0,000000134546433","-0,000000134546433"
2020-07-12 00:00:00.000,0,0,0
2020-07-13 00:00:00.000,"1,75E+00","1,92E+00","-0,1781249185"
2020-07-14 00:00:00.000,"1,62E+00","1,71E+00","-0,08675578374"
2020-07-15 00:00:00.000,"1,67E+00","1,70E+00","-0,0233514598"
2020-07-16 00:00:00.000,"1,65E+00","1,49E+00","0,1508434211"
2020-07-17 00:00:00.000,"1,36E+00","1,59E+00","-0,2360409726"
2020-07-18 00:00:00.000,0,0,0
2020-07-19 00:00:00.000,0,0,0
2020-07-20 00:00:00.000,"1,71E+00","1,83E+00","-0,1147188777"
2020-07-21 00:00:00.000,"1,67E+00","1,50E+00","0,1672364063"
2020-07-22 00:00:00.000,"1,40E+00","1,37E+00","0,02090078"
2020-07-23 00:00:00.000,"1,47E+00","1,58E+00","-0,09802850272"
2020-07-24 00:00:00.000,"1,84E+00","1,61E+00","0,2260811929"
2020-07-25 00:00:00.000,0,0,0
2020-07-26 00:00:00.000,0,0,0
2020-07-27 00:00:00.000,"1,55E+00","2,55E+00","-0,9995798671"
2020-07-28 00:00:00.000,"1,59E+00","1,74E+00","-0,1383780234"
2020-07-29 00:00:00.000,"1,45E+00","1,59E+00","-0,1406106132"
2020-07-30 00:00:00.000,"1,87E+00","1,76E+00","0,102585233"
2020-07-31 00:00:00.000,"1,72E+00","1,72E+00","0,003620431773"
2020-08-01 00:00:00.000,0,0,0
2020-08-02 00:00:00.000,0,0,0
2020-08-03 00:00:00.000,"1,55E+00","1,82E+00","-0,2573810265"
2020-08-04 00:00:00.000,"1,44E+00","1,46E+00","-0,02546661998"
2020-08-05 00:00:00.000,"1,69E+00","1,47E+00","0,2125305604"
2020-08-06 00:00:00.000,"1,67E+00","1,59E+00","0,06910396544"
2020-08-07 00:00:00.000,"1,82E+00","1,63E+00","0,1733873087"
2020-08-08 00:00:00.000,0,0,0
2020-08-09 00:00:00.000,0,0,0
2020-08-10 00:00:00.000,"1,90E+00","1,94E+00","-0,04282118493"
2020-08-11 00:00:00.000,"1,71E+00","1,71E+00","0,002459596432"
2020-08-12 00:00:00.000,"1,65E+00","1,57E+00","0,08688313423"
2020-08-13 00:00:00.000,"1,90E+00","2,04E+00","-0,1530603717"
2020-08-14 00:00:00.000,"1,90E+00","1,96E+00","-0,06448507698"
2020-08-15 00:00:00.000,0,"0,000001533949156","-0,000001533949156"
2020-08-16 00:00:00.000,0,0,0
2020-08-17 00:00:00.000,"1,61E+00","2,05E+00","-0,4495700399"
2020-08-18 00:00:00.000,"1,37E+00","1,75E+00","-0,3777380133"
2020-08-19 00:00:00.000,"1,51E+00","1,65E+00","-0,1282857424"
2020-08-20 00:00:00.000,"1,83E+00","2,13E+00","-0,3095598129"
2020-08-21 00:00:00.000,"1,80E+00","1,91E+00","-0,1102664879"
2020-08-22 00:00:00.000,0,"0,0000001053355643","-0,0000001053355643"
2020-08-23 00:00:00.000,0,0,0
2020-08-24 00:00:00.000,"1,72E+00","2,07E+00","-0,3476860284"
2020-08-25 00:00:00.000,"1,90E+00","1,99E+00","-0,0848985797"
2020-08-26 00:00:00.000,"1,33E+00","1,62E+00","-0,28338614"
2020-08-27 00:00:00.000,"1,66E+00","1,67E+00","-0,00395448732"
2020-08-28 00:00:00.000,"1,58E+00","1,88E+00","-0,3101929815"
2020-08-29 00:00:00.000,0,0,0
2020-08-30 00:00:00.000,0,0,0
2020-08-31 00:00:00.000,"1,88E+00","2,16E+00","-0,2845196678"
2020-09-01 00:00:00.000,"1,42E+00","1,71E+00","-0,2947001442"
2020-09-02 00:00:00.000,"1,301303455","1,34E+00","-0,04654952935"
2020-09-03 00:00:00.000,"1,49E+00","1,54E+00","-0,05768062746"
2020-09-04 00:00:00.000,"1,59E+00","1,71E+00","-0,1259519836"
2020-09-05 00:00:00.000,0,0,0
2020-09-06 00:00:00.000,0,0,0
2020-09-07 00:00:00.000,"1,83E+00","2,01E+00","-0,1851756797"
2020-09-08 00:00:00.000,"1,38E+00","1,57E+00","-0,1737572564"
2020-09-09 00:00:00.000,"1,51E+00","1,40E+00","0,1178322611"
2020-09-10 00:00:00.000,"1,99E+00","1,79E+00","0,1991259268"
2020-09-11 00:00:00.000,"1,63E+00","1,66E+00","-0,03053637404"
2020-09-12 00:00:00.000,0,0,0
2020-09-13 00:00:00.000,0,0,0
2020-09-14 00:00:00.000,"2,01E+00","2,33E+00","-0,3159853113"
2020-09-15 00:00:00.000,"2,00E+00","1,94E+00","0,06621163171"
2020-09-16 00:00:00.000,"1,42E+00","1,54E+00","-0,1220306358"
2020-09-17 00:00:00.000,"1,70E+00","1,94E+00","-0,2358445145"
2020-09-18 00:00:00.000,"1,75E+00","1,65E+00","0,1050654923"
2020-09-19 00:00:00.000,0,0,0
2020-09-20 00:00:00.000,0,0,0
2020-09-21 00:00:00.000,"1,98E+00","2,07E+00","-0,1023727864"
2020-09-22 00:00:00.000,"1,47E+00","1,70E+00","-0,2326137711"
2020-09-23 00:00:00.000,"1,46E+00","1,70E+00","-0,2314920345"
2020-09-24 00:00:00.000,"1,90E+00","2,01E+00","-0,1215643548"
2020-09-25 00:00:00.000,"1,78E+00","1,99E+00","-0,2147717944"
2020-09-26 00:00:00.000,0,"0,0000001580033465","-0,0000001580033465"
2020-09-27 00:00:00.000,0,0,0
2020-09-28 00:00:00.000,"2,25E+00","2,50E+00","-0,2508342388"
2020-09-29 00:00:00.000,"2,07E+00","2,04E+00","0,02726868967"
2020-09-30 00:00:00.000,"2,19E+00","2,34E+00","-0,1574742742"
2020-10-01 00:00:00.000,"1,59E+00","1,99E+00","-0,3837856166"
2020-10-02 00:00:00.000,"1,55E+00","1,62E+00","-0,06423238003"
2020-10-03 00:00:00.000,0,"0,00000002633389108","-0,00000002633389108"
2020-10-04 00:00:00.000,0,"0,00000009839000056","-0,00000009839000056"
2020-10-05 00:00:00.000,"1,84E+00","2,16E+00","-0,3146337995"
2020-10-06 00:00:00.000,"1,62E+00","1,74E+00","-0,1181769483"
2020-10-07 00:00:00.000,"1,47E+00","1,59E+00","-0,1193498787"
2020-10-08 00:00:00.000,"1,65E+00","1,71E+00","-0,06407868782"
2020-10-09 00:00:00.000,"1,87E+00","1,83E+00","0,03642000571"
2020-10-10 00:00:00.000,0,"0,000000704316244","-0,000000704316244"
2020-10-11 00:00:00.000,0,0,0
2020-10-12 00:00:00.000,"1,84E+00","2,05E+00","-0,2152208484"
2020-10-13 00:00:00.000,"1,71E+00","1,66E+00","0,04274048381"
2020-10-14 00:00:00.000,"1,71E+00","2,40E+00","-0,6888276901"
2020-10-15 00:00:00.000,"1,94E+00","1,94E+00","-0,005482300208"
2020-10-16 00:00:00.000,"1,61E+00","1,82E+00","-0,2088984993"
2020-10-17 00:00:00.000,0,0,0
2020-10-18 00:00:00.000,0,0,0
2020-10-19 00:00:00.000,"1,78E+00","2,21E+00","-0,4418165564"
2020-10-20 00:00:00.000,"1,83E+00","2,03E+00","-0,1985587359"
2020-10-21 00:00:00.000,"1,55E+00","1,83E+00","-0,2774895782"
2020-10-22 00:00:00.000,"1,54E+00","1,94E+00","-0,4052820075"
2020-10-23 00:00:00.000,"1,75E+00","1,95E+00","-0,1874177993"
2020-10-24 00:00:00.000,0,0,0
2020-10-25 00:00:00.000,0,0,0
2020-10-26 00:00:00.000,"1,87E+00","2,75E+00","-0,8823692456"
2020-10-27 00:00:00.000,"1,80E+00","2,09E+00","-0,2873648812"
2020-10-28 00:00:00.000,"1,79E+00","2,45E+00","-0,6589571835"
2020-10-29 00:00:00.000,"1,83E+00","2,38E+00","-0,5590801568"
2020-10-30 00:00:00.000,"2,15E+00","2,45E+00","-0,3074023638"
2020-10-31 00:00:00.000,"0,002269230608","0,02171483413","-0,01944560351"
2020-11-01 00:00:00.000,0,0,0
2020-11-02 00:00:00.000,"1,82E+00","2,66E+00","-0,8347387999"
2020-11-03 00:00:00.000,"1,74E+00","1,83E+00","-0,0923554385"
2020-11-04 00:00:00.000,0,0,0
2020-11-05 00:00:00.000,"2,08E+00","2,15E+00","-0,06058656776"
2020-11-06 00:00:00.000,"1,92E+00","1,92E+00","-0,008951620983"
2020-11-07 00:00:00.000,0,0,0
2020-11-08 00:00:00.000,0,0,0
2020-11-09 00:00:00.000,"1,95E+00","2,28E+00","-0,3256935046"
2020-11-10 00:00:00.000,"1,91E+00","2,15E+00","-0,2436658335"
2020-11-11 00:00:00.000,"1,78E+00","1,70E+00","0,07532616294"
2020-11-12 00:00:00.000,"2,13E+00","2,21E+00","-0,07889318521"
2020-11-13 00:00:00.000,"2,07E+00","2,30E+00","-0,241562595"
2020-11-14 00:00:00.000,0,0,0
2020-11-15 00:00:00.000,0,0,0
2020-11-16 00:00:00.000,"1,86E+00","2,86E+00","-1,001468407"
2020-11-17 00:00:00.000,"1,55E+00","1,84E+00","-0,2862872729"
2020-11-18 00:00:00.000,"1,72E+00","2,03E+00","-0,3048382539"
2020-11-19 00:00:00.000,"2,00E+00","2,09E+00","-0,09184364637"
2020-11-20 00:00:00.000,"2,07E+00","2,26E+00","-0,1944775702"
2020-11-21 00:00:00.000,0,0,0
2020-11-22 00:00:00.000,0,0,0
2020-11-23 00:00:00.000,"2,07E+00","2,54E+00","-0,4680990596"
2020-11-24 00:00:00.000,"1,86E+00","2,08E+00","-0,2211163632"
2020-11-25 00:00:00.000,"2,07E+00","2,74E+00","-0,6719353469"
2020-11-26 00:00:00.000,"1,94E+00","2,54E+00","-0,6092524945"
2020-11-27 00:00:00.000,"2,00E+00","2,32E+00","-0,3158146421"
2020-11-28 00:00:00.000,0,0,0
2020-11-29 00:00:00.000,0,0,0
2020-11-30 00:00:00.000,"2,61E+00","3,16E+00","-0,5536272589"
2020-12-01 00:00:00.000,"1,62E+00","2,37E+00","-0,7552320454"
2020-12-02 00:00:00.000,"1,63E+00","1,82E+00","-0,1774451463"
2020-12-03 00:00:00.000,"1,76E+00","1,98E+00","-0,2199755581"
2020-12-04 00:00:00.000,"1,90E+00","2,05E+00","-0,1549338793"
2020-12-05 00:00:00.000,0,0,0
2020-12-06 00:00:00.000,0,0,0
2020-12-07 00:00:00.000,"2,17E+00","2,46E+00","-0,284603863"
2020-12-08 00:00:00.000,"1,75E+00","2,08E+00","-0,3329408095"
2020-12-09 00:00:00.000,"1,82E+00","1,84E+00","-0,03013042876"
2020-12-10 00:00:00.000,"2,57E+00","2,42E+00","0,1501854214"
2020-12-11 00:00:00.000,"2,49E+00","2,11E+00","0,3743760567"
2020-12-12 00:00:00.000,0,0,0
2020-12-13 00:00:00.000,0,0,0
2020-12-14 00:00:00.000,"2,41E+00","2,96E+00","-0,5596387562"
2020-12-15 00:00:00.000,"2,40E+00","2,62E+00","-0,229222566"
2020-12-16 00:00:00.000,"2,44E+00","2,34E+00","0,09277589313"
2020-12-17 00:00:00.000,"2,45E+00","2,91E+00","-0,4619168139"
2020-12-18 00:00:00.000,"2,62E+00","2,74E+00","-0,1075205167"
2020-12-19 00:00:00.000,0,0,0
2020-12-20 00:00:00.000,0,0,0
2020-12-21 00:00:00.000,"3,03E+00","3,84E+00","-0,8188667151"
2020-12-22 00:00:00.000,"2,42E+00","2,63E+00","-0,211509811"
2020-12-23 00:00:00.000,"2,57E+00","2,46E+00","0,1012090353"
2020-12-24 00:00:00.000,"3,65E+00","3,42E+00","0,2261470788"
2020-12-25 00:00:00.000,"4,11E+00","3,95E+00","0,1612649623"
2020-12-26 00:00:00.000,"0,1670865494","0,03252638303","0,1345601663"
2020-12-27 00:00:00.000,0,0,0
2020-12-28 00:00:00.000,"5,11E+00","5,00E+00","0,1110425858"
2020-12-29 00:00:00.000,"4,29E+00","4,28E+00","0,006132159314"
2020-12-30 00:00:00.000,"4,49E+00","4,33E+00","0,1593161823"
2020-12-31 00:00:00.000,"1,55E+00","1,86E+00","-0,3051370937"
2021-01-01 00:00:00.000,0,0,0
2021-01-02 00:00:00.000,0,0,0
2021-01-03 00:00:00.000,0,0,0
2021-01-04 00:00:00.000,"0,03855482844","0,1839901604","-0,145435332"
2021-01-05 00:00:00.000,"0,01155015231","0,02372893927","-0,01217878696"
2021-01-06 00:00:00.000,"0,01082627403","0,01116797851","-0,0003417044769"
2021-01-07 00:00:00.000,0,0,0
2021-01-08 00:00:00.000,"0,02249935608","0,1515854249","-0,1290860688"
2021-01-09 00:00:00.000,0,0,0
2021-01-10 00:00:00.000,0,0,0
2021-01-11 00:00:00.000,"3,27E+00","3,54E+00","-0,280063122"
2021-01-12 00:00:00.000,"2,37E+00","3,27E+00","-0,9064689281"
2021-01-13 00:00:00.000,"1,67E+00","1,86E+00","-0,1819907247"
2021-01-14 00:00:00.000,"2,11E+00","2,29E+00","-0,1779212118"
2021-01-15 00:00:00.000,"2,15E+00","2,84E+00","-0,7067068417"
2021-01-16 00:00:00.000,0,0,0
2021-01-17 00:00:00.000,0,0,0
2021-01-18 00:00:00.000,"2,12E+00","2,95E+00","-0,824187871"
2021-01-19 00:00:00.000,"1,61E+00","1,99E+00","-0,3795636242"
2021-01-20 00:00:00.000,"1,95E+00","2,12E+00","-0,1607652718"
2021-01-21 00:00:00.000,"1,76E+00","2,15E+00","-0,3863085076"
2021-01-22 00:00:00.000,"1,63E+00","2,30E+00","-0,6609291431"
2021-01-23 00:00:00.000,"0,0001442910782","0,02750342773","-0,02735913665"
2021-01-24 00:00:00.000,0,0,0
2021-01-25 00:00:00.000,"2,16E+00","3,42E+00","-1,268604405"
2021-01-26 00:00:00.000,"1,74E+00","2,11E+00","-0,3767692476"
2021-01-27 00:00:00.000,"1,80E+00","1,98E+00","-0,1703530228"
2021-01-28 00:00:00.000,"2,54E+00","2,26E+00","0,2775923202"
2021-01-29 00:00:00.000,"2,25E+00","2,66E+00","-0,4013235678"
2021-01-30 00:00:00.000,0,0,0
2021-01-31 00:00:00.000,0,0,0
2021-02-01 00:00:00.000,"2,12E+00","2,57E+00","-0,4503378958"
2021-02-02 00:00:00.000,"1,50E+00","1,90E+00","-0,3921583388"
2021-02-03 00:00:00.000,"1,57E+00","2,04E+00","-0,4794945892"
2021-02-04 00:00:00.000,"1,66E+00","2,04E+00","-0,3839021145"
2021-02-05 00:00:00.000,"1,99E+00","2,05E+00","-0,06224153722"
2021-02-06 00:00:00.000,0,0,0
2021-02-07 00:00:00.000,0,0,0
2021-02-08 00:00:00.000,"1,82E+00","2,61E+00","-0,7957897798"
2021-02-09 00:00:00.000,"1,78E+00","2,29E+00","-0,5163336112"
2021-02-10 00:00:00.000,"2,32E+00","2,09E+00","0,2163811957"
2021-02-11 00:00:00.000,"1,92E+00","2,05E+00","-0,1288298171"
2021-02-12 00:00:00.000,"2,67E+00","3,02E+00","-0,3357839923"
2021-02-13 00:00:00.000,0,0,0
2021-02-14 00:00:00.000,0,0,0
2021-02-15 00:00:00.000,"2,36E+00","2,65E+00","-0,2903031174"
2021-02-16 00:00:00.000,"1,76E+00","2,00E+00","-0,2382820608"
2021-02-17 00:00:00.000,"1,65E+00","1,83E+00","-0,188022206"
2021-02-18 00:00:00.000,"1,78E+00","2,25E+00","-0,4723091464"
2021-02-19 00:00:00.000,"1,86E+00","2,34E+00","-0,4882329487"
2021-02-20 00:00:00.000,"1,79E+00","2,07E+00","-0,2660525663"
2021-02-21 00:00:00.000,0,0,0
2021-02-22 00:00:00.000,"0,01398331851","0,02370166959","-0,009718351095"
2021-02-23 00:00:00.000,0,0,0
2021-02-24 00:00:00.000,"2,48E+00","3,36E+00","-0,8736723605"
2021-02-25 00:00:00.000,"2,58E+00","3,11E+00","-0,5295039396"
2021-02-26 00:00:00.000,"2,62E+00","2,98E+00","-0,3558107204"
2021-02-27 00:00:00.000,0,0,0
2021-02-28 00:00:00.000,0,0,0
2021-03-01 00:00:00.000,"2,09E+00","2,98E+00","-0,8777018608"
2021-03-02 00:00:00.000,"1,92E+00","2,37E+00","-0,4484638774"
2021-03-03 00:00:00.000,"1,70E+00","1,94E+00","-0,2319649836"
2021-03-04 00:00:00.000,"2,01E+00","2,00E+00","0,00811434048"
2021-03-05 00:00:00.000,"2,37E+00","2,36E+00","0,01300434845"
2021-03-06 00:00:00.000,0,0,0
2021-03-07 00:00:00.000,0,0,0
2021-03-08 00:00:00.000,0,"0,00001607144206","-0,00001607144206"
2021-03-09 00:00:00.000,"2,08E+00","3,33E+00","-1,259842582"
2021-03-10 00:00:00.000,"2,17E+00","2,15E+00","0,02457818224"
2021-03-11 00:00:00.000,"1,83E+00","2,15E+00","-0,318210026"
2021-03-12 00:00:00.000,"2,13E+00","2,67E+00","-0,5418138834"
2021-03-13 00:00:00.000,0,0,0
2021-03-14 00:00:00.000,0,0,0
2021-03-15 00:00:00.000,"2,42E+00","3,04E+00","-0,618644847"
2021-03-16 00:00:00.000,"1,66E+00","2,17E+00","-0,512349981"
2021-03-17 00:00:00.000,"1,82E+00","2,23E+00","-0,4132038916"
2021-03-18 00:00:00.000,"2,04E+00","2,50E+00","-0,4732136222"
2021-03-19 00:00:00.000,"2,11E+00","2,70E+00","-0,5940015982"
2021-03-20 00:00:00.000,0,0,0
2021-03-21 00:00:00.000,0,0,0
2021-03-22 00:00:00.000,"1,96E+00","2,78E+00","-0,8108839318"
2021-03-23 00:00:00.000,"2,49E+00","2,40E+00","0,09804077502"
2021-03-24 00:00:00.000,"1,94E+00","2,53E+00","-0,5877780992"
2021-03-25 00:00:00.000,"2,30E+00","3,17E+00","-0,8698100265"
2021-03-26 00:00:00.000,"2,17E+00","4,69E+00","-2,51E+00"
2021-03-27 00:00:00.000,0,0,0
2021-03-28 00:00:00.000,0,0,0
2021-03-29 00:00:00.000,"2,36E+00","3,37E+00","-1,017679499"
2021-03-30 00:00:00.000,"2,32E+00","2,57E+00","-0,259686885"
2021-03-31 00:00:00.000,"2,53E+00","2,53E+00","-0,004878132738"